Downloading https://services.gradle.org/distributions/gradle-8.12-bin.zip
..................................................................................................................................
Unzipping /home/runner/.gradle/wrapper/dists/gradle-8.12-bin/cetblhg4pflnnks72fxwobvgv/gradle-8.12-bin.zip to /home/runner/.gradle/wrapper/dists/gradle-8.12-bin/cetblhg4pflnnks72fxwobvgv
Set executable permissions for: /home/runner/.gradle/wrapper/dists/gradle-8.12-bin/cetblhg4pflnnks72fxwobvgv/gradle-8.12/bin/gradle

Welcome to Gradle 8.12!

Here are the highlights of this release:
 - Enhanced error and warning reporting with the Problems API
 - File-system watching support on Alpine Linux
 - Build and test Swift 6 libraries and apps

For more details see https://docs.gradle.org/8.12/release-notes.html

To honour the JVM settings for this build a single-use Daemon process will be forked. For more on this, please refer to https://docs.gradle.org/8.12/userguide/gradle_daemon.html#sec:disabling_the_daemon in the Gradle documentation.
Daemon will be stopped at the end of the build 

> Configure project :CanliTV
Fetching JAR: cloudstream.jar

> Task :CanliTV:checkKotlinGradlePluginConfigurationErrors SKIPPED
> Task :CanliTV:preBuild UP-TO-DATE
> Task :CanliTV:preDebugBuild UP-TO-DATE
> Task :CanliTV:generateDebugResValues
> Task :CanliTV:generateDebugResources
> Task :CanliTV:packageDebugResources
> Task :FilmMakinesi:checkKotlinGradlePluginConfigurationErrors SKIPPED
> Task :FilmMakinesi:preBuild UP-TO-DATE
> Task :FilmMakinesi:preDebugBuild UP-TO-DATE
> Task :FilmMakinesi:generateDebugResValues
> Task :FilmMakinesi:generateDebugResources
> Task :FilmMakinesi:packageDebugResources
> Task :FilmModu:checkKotlinGradlePluginConfigurationErrors SKIPPED
> Task :FilmModu:preBuild UP-TO-DATE
> Task :FilmModu:preDebugBuild UP-TO-DATE
> Task :FilmModu:generateDebugResValues
> Task :FilmModu:generateDebugResources
> Task :FilmMakinesi:parseDebugLocalResources
> Task :CanliTV:parseDebugLocalResources
> Task :FilmModu:packageDebugResources
> Task :HDFilmCehennemi:checkKotlinGradlePluginConfigurationErrors SKIPPED
> Task :HDFilmCehennemi:preBuild UP-TO-DATE
> Task :HDFilmCehennemi:preDebugBuild UP-TO-DATE
> Task :HDFilmCehennemi:generateDebugResValues
> Task :FilmModu:parseDebugLocalResources
> Task :HDFilmCehennemi:generateDebugResources
> Task :CanliTV:generateDebugRFile
> Task :FilmModu:generateDebugRFile
> Task :FilmMakinesi:generateDebugRFile
> Task :HDFilmCehennemi:packageDebugResources
> Task :HDFilmCehennemi:parseDebugLocalResources
> Task :HDFilmCehennemi:generateDebugRFile

> Task :FilmModu:compileDebugKotlin FAILED
e: Incompatible classes were found in dependencies. Remove them from the classpath or use '-Xskip-metadata-version-check' to suppress errors
e: file:///home/runner/.gradle/caches/8.12/transforms/68bebdc5262e86f52108e6397eb2b3a9/transformed/jetified-cloudstream.jar!/META-INF/CloudStream_library.kotlin_module Module was compiled with an incompatible version of Kotlin. The binary version of its metadata is 2.4.0, expected version is 2.1.0.
e: file:///home/runner/.gradle/caches/8.12/transforms/68bebdc5262e86f52108e6397eb2b3a9/transformed/jetified-cloudstream.jar!/META-INF/app.kotlin_module Module was compiled with an incompatible version of Kotlin. The binary version of its metadata is 2.4.0, expected version is 2.1.0.
e: file:///home/runner/work/cuoldstram/cuoldstram/src/FilmModu/src/main/kotlin/com/keyiflerolsun/FilmModu.kt:12:18 Class 'com.lagradost.cloudstream3.MainAPI' was compiled with an incompatible version of Kotlin. The actual metadata version is 2.4.0, but the compiler version 2.1.0 can read versions up to 2.2.0.
The class is loaded from /home/runner/.gradle/caches/8.12/transforms/68bebdc5262e86f52108e6397eb2b3a9/transformed/jetified-cloudstream.jar!/com/lagradost/cloudstream3/MainAPI.class
e: file:///home/runner/work/cuoldstram/cuoldstram/src/FilmModu/src/main/kotlin/com/keyiflerolsun/FilmModu.kt:18:41 Class 'com.lagradost.cloudstream3.TvType' was compiled with an incompatible version of Kotlin. The actual metadata version is 2.4.0, but the compiler version 2.1.0 can read versions up to 2.2.0.
The class is loaded from /home/runner/.gradle/caches/8.12/transforms/68bebdc5262e86f52108e6397eb2b3a9/transformed/jetified-cloudstream.jar!/com/lagradost/cloudstream3/TvType.class
e: file:///home/runner/work/cuoldstram/cuoldstram/src/FilmModu/src/main/kotlin/com/keyiflerolsun/FilmModu.kt:18:47 Class 'com.lagradost.cloudstream3.TvType' was compiled with an incompatible version of Kotlin. The actual metadata version is 2.4.0, but the compiler version 2.1.0 can read versions up to 2.2.0.
The class is loaded from /home/runner/.gradle/caches/8.12/transforms/68bebdc5262e86f52108e6397eb2b3a9/transformed/jetified-cloudstream.jar!/com/lagradost/cloudstream3/TvType.class
e: file:///home/runner/work/cuoldstram/cuoldstram/src/FilmModu/src/main/kotlin/com/keyiflerolsun/FilmModu.kt:20:29 Unresolved reference 'mainPageOf'.
e: file:///home/runner/work/cuoldstram/cuoldstram/src/FilmModu/src/main/kotlin/com/keyiflerolsun/FilmModu.kt:51:58 Class 'com.lagradost.cloudstream3.MainPageRequest' was compiled with an incompatible version of Kotlin. The actual metadata version is 2.4.0, but the compiler version 2.1.0 can read versions up to 2.2.0.
The class is loaded from /home/runner/.gradle/caches/8.12/transforms/68bebdc5262e86f52108e6397eb2b3a9/transformed/jetified-cloudstream.jar!/com/lagradost/cloudstream3/MainPageRequest.class
e: file:///home/runner/work/cuoldstram/cuoldstram/src/FilmModu/src/main/kotlin/com/keyiflerolsun/FilmModu.kt:51:76 Class 'com.lagradost.cloudstream3.HomePageResponse' was compiled with an incompatible version of Kotlin. The actual metadata version is 2.4.0, but the compiler version 2.1.0 can read versions up to 2.2.0.
The class is loaded from /home/runner/.gradle/caches/8.12/transforms/68bebdc5262e86f52108e6397eb2b3a9/transformed/jetified-cloudstream.jar!/com/lagradost/cloudstream3/HomePageResponse.class
e: file:///home/runner/work/cuoldstram/cuoldstram/src/FilmModu/src/main/kotlin/com/keyiflerolsun/FilmModu.kt:52:28 Unresolved reference 'get'.
e: file:///home/runner/work/cuoldstram/cuoldstram/src/FilmModu/src/main/kotlin/com/keyiflerolsun/FilmModu.kt:52:35 Class 'com.lagradost.cloudstream3.MainPageRequest' was compiled with an incompatible version of Kotlin. The actual metadata version is 2.4.0, but the compiler version 2.1.0 can read versions up to 2.2.0.
The class is loaded from /home/runner/.gradle/caches/8.12/transforms/68bebdc5262e86f52108e6397eb2b3a9/transformed/jetified-cloudstream.jar!/com/lagradost/cloudstream3/MainPageRequest.class
e: file:///home/runner/work/cuoldstram/cuoldstram/src/FilmModu/src/main/kotlin/com/keyiflerolsun/FilmModu.kt:52:35 Class 'com.lagradost.cloudstream3.MainPageRequest' was compiled with an incompatible version of Kotlin. The actual metadata version is 2.4.0, but the compiler version 2.1.0 can read versions up to 2.2.0.
The class is loaded from /home/runner/.gradle/caches/8.12/transforms/68bebdc5262e86f52108e6397eb2b3a9/transformed/jetified-cloudstream.jar!/com/lagradost/cloudstream3/MainPageRequest.class
e: file:///home/runner/work/cuoldstram/cuoldstram/src/FilmModu/src/main/kotlin/com/keyiflerolsun/FilmModu.kt:53:62 Cannot infer type for this parameter. Please specify it explicitly.
e: file:///home/runner/work/cuoldstram/cuoldstram/src/FilmModu/src/main/kotlin/com/keyiflerolsun/FilmModu.kt:53:104 Cannot infer type for this parameter. Please specify it explicitly.
e: file:///home/runner/work/cuoldstram/cuoldstram/src/FilmModu/src/main/kotlin/com/keyiflerolsun/FilmModu.kt:53:104 Not enough information to infer type argument for 'T'.
e: file:///home/runner/work/cuoldstram/cuoldstram/src/FilmModu/src/main/kotlin/com/keyiflerolsun/FilmModu.kt:53:104 Not enough information to infer type argument for 'R'.
e: file:///home/runner/work/cuoldstram/cuoldstram/src/FilmModu/src/main/kotlin/com/keyiflerolsun/FilmModu.kt:53:115 Cannot infer type for this parameter. Please specify it explicitly.
e: file:///home/runner/work/cuoldstram/cuoldstram/src/FilmModu/src/main/kotlin/com/keyiflerolsun/FilmModu.kt:53:117 Class 'com.lagradost.cloudstream3.SearchResponse' was compiled with an incompatible version of Kotlin. The actual metadata version is 2.4.0, but the compiler version 2.1.0 can read versions up to 2.2.0.
The class is loaded from /home/runner/.gradle/caches/8.12/transforms/68bebdc5262e86f52108e6397eb2b3a9/transformed/jetified-cloudstream.jar!/com/lagradost/cloudstream3/SearchResponse.class
e: file:///home/runner/work/cuoldstram/cuoldstram/src/FilmModu/src/main/kotlin/com/keyiflerolsun/FilmModu.kt:55:16 Unresolved reference 'newHomePageResponse'.
e: file:///home/runner/work/cuoldstram/cuoldstram/src/FilmModu/src/main/kotlin/com/keyiflerolsun/FilmModu.kt:55:36 Class 'com.lagradost.cloudstream3.MainPageRequest' was compiled with an incompatible version of Kotlin. The actual metadata version is 2.4.0, but the compiler version 2.1.0 can read versions up to 2.2.0.
The class is loaded from /home/runner/.gradle/caches/8.12/transforms/68bebdc5262e86f52108e6397eb2b3a9/transformed/jetified-cloudstream.jar!/com/lagradost/cloudstream3/MainPageRequest.class
e: file:///home/runner/work/cuoldstram/cuoldstram/src/FilmModu/src/main/kotlin/com/keyiflerolsun/FilmModu.kt:55:36 Class 'com.lagradost.cloudstream3.MainPageRequest' was compiled with an incompatible version of Kotlin. The actual metadata version is 2.4.0, but the compiler version 2.1.0 can read versions up to 2.2.0.
The class is loaded from /home/runner/.gradle/caches/8.12/transforms/68bebdc5262e86f52108e6397eb2b3a9/transformed/jetified-cloudstream.jar!/com/lagradost/cloudstream3/MainPageRequest.class
e: file:///home/runner/work/cuoldstram/cuoldstram/src/FilmModu/src/main/kotlin/com/keyiflerolsun/FilmModu.kt:58:45 Class 'com.lagradost.cloudstream3.SearchResponse' was compiled with an incompatible version of Kotlin. The actual metadata version is 2.4.0, but the compiler version 2.1.0 can read versions up to 2.2.0.
The class is loaded from /home/runner/.gradle/caches/8.12/transforms/68bebdc5262e86f52108e6397eb2b3a9/transformed/jetified-cloudstream.jar!/com/lagradost/cloudstream3/SearchResponse.class
e: file:///home/runner/work/cuoldstram/cuoldstram/src/FilmModu/src/main/kotlin/com/keyiflerolsun/FilmModu.kt:60:25 Unresolved reference 'fixUrlNull'.
e: file:///home/runner/work/cuoldstram/cuoldstram/src/FilmModu/src/main/kotlin/com/keyiflerolsun/FilmModu.kt:61:25 Unresolved reference 'fixUrlNull'.
e: file:///home/runner/work/cuoldstram/cuoldstram/src/FilmModu/src/main/kotlin/com/keyiflerolsun/FilmModu.kt:63:16 Unresolved reference 'newMovieSearchResponse'.
e: file:///home/runner/work/cuoldstram/cuoldstram/src/FilmModu/src/main/kotlin/com/keyiflerolsun/FilmModu.kt:63:52 Class 'com.lagradost.cloudstream3.TvType' was compiled with an incompatible version of Kotlin. The actual metadata version is 2.4.0, but the compiler version 2.1.0 can read versions up to 2.2.0.
The class is loaded from /home/runner/.gradle/caches/8.12/transforms/68bebdc5262e86f52108e6397eb2b3a9/transformed/jetified-cloudstream.jar!/com/lagradost/cloudstream3/TvType.class
e: file:///home/runner/work/cuoldstram/cuoldstram/src/FilmModu/src/main/kotlin/com/keyiflerolsun/FilmModu.kt:63:73 Unresolved reference 'posterUrl'.
e: file:///home/runner/work/cuoldstram/cuoldstram/src/FilmModu/src/main/kotlin/com/keyiflerolsun/FilmModu.kt:66:54 Class 'com.lagradost.cloudstream3.SearchResponse' was compiled with an incompatible version of Kotlin. The actual metadata version is 2.4.0, but the compiler version 2.1.0 can read versions up to 2.2.0.
The class is loaded from /home/runner/.gradle/caches/8.12/transforms/68bebdc5262e86f52108e6397eb2b3a9/transformed/jetified-cloudstream.jar!/com/lagradost/cloudstream3/SearchResponse.class
e: file:///home/runner/work/cuoldstram/cuoldstram/src/FilmModu/src/main/kotlin/com/keyiflerolsun/FilmModu.kt:67:28 Unresolved reference 'get'.
e: file:///home/runner/work/cuoldstram/cuoldstram/src/FilmModu/src/main/kotlin/com/keyiflerolsun/FilmModu.kt:69:16 Return type mismatch: expected 'kotlin.collections.List<com.lagradost.cloudstream3.SearchResponse>', actual 'kotlin.sequences.Sequence<ERROR CLASS: Cannot infer argument for type parameter R>'.
e: file:///home/runner/work/cuoldstram/cuoldstram/src/FilmModu/src/main/kotlin/com/keyiflerolsun/FilmModu.kt:69:54 Cannot infer type for this parameter. Please specify it explicitly.
e: file:///home/runner/work/cuoldstram/cuoldstram/src/FilmModu/src/main/kotlin/com/keyiflerolsun/FilmModu.kt:69:96 Cannot infer type for this parameter. Please specify it explicitly.
e: file:///home/runner/work/cuoldstram/cuoldstram/src/FilmModu/src/main/kotlin/com/keyiflerolsun/FilmModu.kt:69:96 Not enough information to infer type argument for 'T'.
e: file:///home/runner/work/cuoldstram/cuoldstram/src/FilmModu/src/main/kotlin/com/keyiflerolsun/FilmModu.kt:69:96 Not enough information to infer type argument for 'R'.
e: file:///home/runner/work/cuoldstram/cuoldstram/src/FilmModu/src/main/kotlin/com/keyiflerolsun/FilmModu.kt:69:107 Cannot infer type for this parameter. Please specify it explicitly.
e: file:///home/runner/work/cuoldstram/cuoldstram/src/FilmModu/src/main/kotlin/com/keyiflerolsun/FilmModu.kt:69:109 Class 'com.lagradost.cloudstream3.SearchResponse' was compiled with an incompatible version of Kotlin. The actual metadata version is 2.4.0, but the compiler version 2.1.0 can read versions up to 2.2.0.
The class is loaded from /home/runner/.gradle/caches/8.12/transforms/68bebdc5262e86f52108e6397eb2b3a9/transformed/jetified-cloudstream.jar!/com/lagradost/cloudstream3/SearchResponse.class
e: file:///home/runner/work/cuoldstram/cuoldstram/src/FilmModu/src/main/kotlin/com/keyiflerolsun/FilmModu.kt:72:59 Class 'com.lagradost.cloudstream3.SearchResponse' was compiled with an incompatible version of Kotlin. The actual metadata version is 2.4.0, but the compiler version 2.1.0 can read versions up to 2.2.0.
The class is loaded from /home/runner/.gradle/caches/8.12/transforms/68bebdc5262e86f52108e6397eb2b3a9/transformed/jetified-cloudstream.jar!/com/lagradost/cloudstream3/SearchResponse.class
e: file:///home/runner/work/cuoldstram/cuoldstram/src/FilmModu/src/main/kotlin/com/keyiflerolsun/FilmModu.kt:74:45 Class 'com.lagradost.cloudstream3.LoadResponse' was compiled with an incompatible version of Kotlin. The actual metadata version is 2.4.0, but the compiler version 2.1.0 can read versions up to 2.2.0.
The class is loaded from /home/runner/.gradle/caches/8.12/transforms/68bebdc5262e86f52108e6397eb2b3a9/transformed/jetified-cloudstream.jar!/com/lagradost/cloudstream3/LoadResponse.class
e: file:///home/runner/work/cuoldstram/cuoldstram/src/FilmModu/src/main/kotlin/com/keyiflerolsun/FilmModu.kt:75:28 Unresolved reference 'get'.
e: file:///home/runner/work/cuoldstram/cuoldstram/src/FilmModu/src/main/kotlin/com/keyiflerolsun/FilmModu.kt:80:27 Unresolved reference 'fixUrlNull'.
e: file:///home/runner/work/cuoldstram/cuoldstram/src/FilmModu/src/main/kotlin/com/keyiflerolsun/FilmModu.kt:83:90 Unresolved reference 'it'.
e: file:///home/runner/work/cuoldstram/cuoldstram/src/FilmModu/src/main/kotlin/com/keyiflerolsun/FilmModu.kt:84:86 Class 'com.lagradost.cloudstream3.Actor' was compiled with an incompatible version of Kotlin. The actual metadata version is 2.4.0, but the compiler version 2.1.0 can read versions up to 2.2.0.
The class is loaded from /home/runner/.gradle/caches/8.12/transforms/68bebdc5262e86f52108e6397eb2b3a9/transformed/jetified-cloudstream.jar!/com/lagradost/cloudstream3/Actor.class
e: file:///home/runner/work/cuoldstram/cuoldstram/src/FilmModu/src/main/kotlin/com/keyiflerolsun/FilmModu.kt:84:88 Class 'com.lagradost.cloudstream3.Actor' was compiled with an incompatible version of Kotlin. The actual metadata version is 2.4.0, but the compiler version 2.1.0 can read versions up to 2.2.0.
The class is loaded from /home/runner/.gradle/caches/8.12/transforms/68bebdc5262e86f52108e6397eb2b3a9/transformed/jetified-cloudstream.jar!/com/lagradost/cloudstream3/Actor.class
e: file:///home/runner/work/cuoldstram/cuoldstram/src/FilmModu/src/main/kotlin/com/keyiflerolsun/FilmModu.kt:84:94 Unresolved reference 'it'.
e: file:///home/runner/work/cuoldstram/cuoldstram/src/FilmModu/src/main/kotlin/com/keyiflerolsun/FilmModu.kt:84:119 Unresolved reference 'text'.
e: file:///home/runner/work/cuoldstram/cuoldstram/src/FilmModu/src/main/kotlin/com/keyiflerolsun/FilmModu.kt:87:16 Unresolved reference 'newMovieLoadResponse'.
e: file:///home/runner/work/cuoldstram/cuoldstram/src/FilmModu/src/main/kotlin/com/keyiflerolsun/FilmModu.kt:87:49 Class 'com.lagradost.cloudstream3.TvType' was compiled with an incompatible version of Kotlin. The actual metadata version is 2.4.0, but the compiler version 2.1.0 can read versions up to 2.2.0.
The class is loaded from /home/runner/.gradle/caches/8.12/transforms/68bebdc5262e86f52108e6397eb2b3a9/transformed/jetified-cloudstream.jar!/com/lagradost/cloudstream3/TvType.class
e: file:///home/runner/work/cuoldstram/cuoldstram/src/FilmModu/src/main/kotlin/com/keyiflerolsun/FilmModu.kt:88:18 Unresolved reference 'posterUrl'.
e: file:///home/runner/work/cuoldstram/cuoldstram/src/FilmModu/src/main/kotlin/com/keyiflerolsun/FilmModu.kt:89:18 Unresolved reference 'plot'.
e: file:///home/runner/work/cuoldstram/cuoldstram/src/FilmModu/src/main/kotlin/com/keyiflerolsun/FilmModu.kt:90:18 Unresolved reference 'year'.
e: file:///home/runner/work/cuoldstram/cuoldstram/src/FilmModu/src/main/kotlin/com/keyiflerolsun/FilmModu.kt:91:18 Unresolved reference 'tags'.
e: file:///home/runner/work/cuoldstram/cuoldstram/src/FilmModu/src/main/kotlin/com/keyiflerolsun/FilmModu.kt:97:89 Class 'com.lagradost.cloudstream3.SubtitleFile' was compiled with an incompatible version of Kotlin. The actual metadata version is 2.4.0, but the compiler version 2.1.0 can read versions up to 2.2.0.
The class is loaded from /home/runner/.gradle/caches/8.12/transforms/68bebdc5262e86f52108e6397eb2b3a9/transformed/jetified-cloudstream.jar!/com/lagradost/cloudstream3/SubtitleFile.class
e: file:///home/runner/work/cuoldstram/cuoldstram/src/FilmModu/src/main/kotlin/com/keyiflerolsun/FilmModu.kt:97:123 Class 'com.lagradost.cloudstream3.utils.ExtractorLink' was compiled with an incompatible version of Kotlin. The actual metadata version is 2.4.0, but the compiler version 2.1.0 can read versions up to 2.2.0.
The class is loaded from /home/runner/.gradle/caches/8.12/transforms/68bebdc5262e86f52108e6397eb2b3a9/transformed/jetified-cloudstream.jar!/com/lagradost/cloudstream3/utils/ExtractorLink.class
e: file:///home/runner/work/cuoldstram/cuoldstram/src/FilmModu/src/main/kotlin/com/keyiflerolsun/FilmModu.kt:99:28 Unresolved reference 'get'.
e: file:///home/runner/work/cuoldstram/cuoldstram/src/FilmModu/src/main/kotlin/com/keyiflerolsun/FilmModu.kt:102:27 Unresolved reference 'fixUrlNull'.
e: file:///home/runner/work/cuoldstram/cuoldstram/src/FilmModu/src/main/kotlin/com/keyiflerolsun/FilmModu.kt:102:38 Unresolved reference 'it'.
e: file:///home/runner/work/cuoldstram/cuoldstram/src/FilmModu/src/main/kotlin/com/keyiflerolsun/FilmModu.kt:103:27 Unresolved reference 'it'.
e: file:///home/runner/work/cuoldstram/cuoldstram/src/FilmModu/src/main/kotlin/com/keyiflerolsun/FilmModu.kt:106:31 Unresolved reference 'get'.
e: file:///home/runner/work/cuoldstram/cuoldstram/src/FilmModu/src/main/kotlin/com/keyiflerolsun/FilmModu.kt:110:30 Unresolved reference 'get'.
e: file:///home/runner/work/cuoldstram/cuoldstram/src/FilmModu/src/main/kotlin/com/keyiflerolsun/FilmModu.kt:113:17 Class 'com.lagradost.cloudstream3.SubtitleFile' was compiled with an incompatible version of Kotlin. The actual metadata version is 2.4.0, but the compiler version 2.1.0 can read versions up to 2.2.0.
The class is loaded from /home/runner/.gradle/caches/8.12/transforms/68bebdc5262e86f52108e6397eb2b3a9/transformed/jetified-cloudstream.jar!/com/lagradost/cloudstream3/SubtitleFile.class
e: file:///home/runner/work/cuoldstram/cuoldstram/src/FilmModu/src/main/kotlin/com/keyiflerolsun/FilmModu.kt:114:21 Class 'com.lagradost.cloudstream3.SubtitleFile' was compiled with an incompatible version of Kotlin. The actual metadata version is 2.4.0, but the compiler version 2.1.0 can read versions up to 2.2.0.
The class is loaded from /home/runner/.gradle/caches/8.12/transforms/68bebdc5262e86f52108e6397eb2b3a9/transformed/jetified-cloudstream.jar!/com/lagradost/cloudstream3/SubtitleFile.class
e: file:///home/runner/work/cuoldstram/cuoldstram/src/FilmModu/src/main/kotlin/com/keyiflerolsun/FilmModu.kt:116:32 Unresolved reference 'fixUrl'.
e: file:///home/runner/work/cuoldstram/cuoldstram/src/FilmModu/src/main/kotlin/com/keyiflerolsun/FilmModu.kt:121:39 Cannot infer type for this parameter. Please specify it explicitly.
e: file:///home/runner/work/cuoldstram/cuoldstram/src/FilmModu/src/main/kotlin/com/keyiflerolsun/FilmModu.kt:122:17 Class 'com.lagradost.cloudstream3.utils.ExtractorLink' was compiled with an incompatible version of Kotlin. The actual metadata version is 2.4.0, but the compiler version 2.1.0 can read versions up to 2.2.0.
The class is loaded from /home/runner/.gradle/caches/8.12/transforms/68bebdc5262e86f52108e6397eb2b3a9/transformed/jetified-cloudstream.jar!/com/lagradost/cloudstream3/utils/ExtractorLink.class
e: file:///home/runner/work/cuoldstram/cuoldstram/src/FilmModu/src/main/kotlin/com/keyiflerolsun/FilmModu.kt:123:21 Unresolved reference 'newExtractorLink'.
e: file:///home/runner/work/cuoldstram/cuoldstram/src/FilmModu/src/main/kotlin/com/keyiflerolsun/FilmModu.kt:126:35 Unresolved reference 'fixUrl'.
e: file:///home/runner/work/cuoldstram/cuoldstram/src/FilmModu/src/main/kotlin/com/keyiflerolsun/FilmModu.kt:126:49 Unresolved reference 'src'.
e: file:///home/runner/work/cuoldstram/cuoldstram/src/FilmModu/src/main/kotlin/com/keyiflerolsun/FilmModu.kt:127:35 Class 'com.lagradost.cloudstream3.utils.ExtractorLinkType' was compiled with an incompatible version of Kotlin. The actual metadata version is 2.4.0, but the compiler version 2.1.0 can read versions up to 2.2.0.
The class is loaded from /home/runner/.gradle/caches/8.12/transforms/68bebdc5262e86f52108e6397eb2b3a9/transformed/jetified-cloudstream.jar!/com/lagradost/cloudstream3/utils/ExtractorLinkType.class
e: file:///home/runner/work/cuoldstram/cuoldstram/src/FilmModu/src/main/kotlin/com/keyiflerolsun/FilmModu.kt:129:24 Unresolved reference 'headers'.
e: file:///home/runner/work/cuoldstram/cuoldstram/src/FilmModu/src/main/kotlin/com/keyiflerolsun/FilmModu.kt:130:24 Unresolved reference 'quality'.
e: file:///home/runner/work/cuoldstram/cuoldstram/src/FilmModu/src/main/kotlin/com/keyiflerolsun/FilmModu.kt:130:34 Unresolved reference 'getQualityFromName'.
e: file:///home/runner/work/cuoldstram/cuoldstram/src/FilmModu/src/main/kotlin/com/keyiflerolsun/FilmModu.kt:130:60 Unresolved reference 'label'.
e: file:///home/runner/work/cuoldstram/cuoldstram/src/FilmModu/src/main/kotlin/com/keyiflerolsun/FilmModuPlugin.kt:7:2 Class 'com.lagradost.cloudstream3.plugins.CloudstreamPlugin' was compiled with an incompatible version of Kotlin. The actual metadata version is 2.4.0, but the compiler version 2.1.0 can read versions up to 2.2.0.
The class is loaded from /home/runner/.gradle/caches/8.12/transforms/68bebdc5262e86f52108e6397eb2b3a9/transformed/jetified-cloudstream.jar!/com/lagradost/cloudstream3/plugins/CloudstreamPlugin.class
e: file:///home/runner/work/cuoldstram/cuoldstram/src/FilmModu/src/main/kotlin/com/keyiflerolsun/FilmModuPlugin.kt:8:23 Class 'com.lagradost.cloudstream3.plugins.Plugin' was compiled with an incompatible version of Kotlin. The actual metadata version is 2.4.0, but the compiler version 2.1.0 can read versions up to 2.2.0.
The class is loaded from /home/runner/.gradle/caches/8.12/transforms/68bebdc5262e86f52108e6397eb2b3a9/transformed/jetified-cloudstream.jar!/com/lagradost/cloudstream3/plugins/Plugin.class
e: file:///home/runner/work/cuoldstram/cuoldstram/src/FilmModu/src/main/kotlin/com/keyiflerolsun/FilmModuPlugin.kt:10:9 Class 'com.lagradost.cloudstream3.MainAPI' was compiled with an incompatible version of Kotlin. The actual metadata version is 2.4.0, but the compiler version 2.1.0 can read versions up to 2.2.0.
The class is loaded from /home/runner/.gradle/caches/8.12/transforms/68bebdc5262e86f52108e6397eb2b3a9/transformed/jetified-cloudstream.jar!/com/lagradost/cloudstream3/MainAPI.class
e: file:///home/runner/work/cuoldstram/cuoldstram/src/FilmModu/src/main/kotlin/com/keyiflerolsun/FilmModuPlugin.kt:10:9 Class 'com.lagradost.cloudstream3.plugins.BasePlugin' was compiled with an incompatible version of Kotlin. The actual metadata version is 2.4.0, but the compiler version 2.1.0 can read versions up to 2.2.0.
The class is loaded from /home/runner/.gradle/caches/8.12/transforms/68bebdc5262e86f52108e6397eb2b3a9/transformed/jetified-cloudstream.jar!/com/lagradost/cloudstream3/plugins/BasePlugin.class

> Task :FilmMakinesi:compileDebugKotlin FAILED
e: Incompatible classes were found in dependencies. Remove them from the classpath or use '-Xskip-metadata-version-check' to suppress errors
e: file:///home/runner/.gradle/caches/8.12/transforms/68bebdc5262e86f52108e6397eb2b3a9/transformed/jetified-cloudstream.jar!/META-INF/CloudStream_library.kotlin_module Module was compiled with an incompatible version of Kotlin. The binary version of its metadata is 2.4.0, expected version is 2.1.0.
e: file:///home/runner/.gradle/caches/8.12/transforms/68bebdc5262e86f52108e6397eb2b3a9/transformed/jetified-cloudstream.jar!/META-INF/app.kotlin_module Module was compiled with an incompatible version of Kotlin. The binary version of its metadata is 2.4.0, expected version is 2.1.0.
e: file:///home/runner/work/cuoldstram/cuoldstram/src/FilmMakinesi/src/main/kotlin/com/keyiflerolsun/CloseLoadExtractor.kt:8:19 Class 'com.lagradost.cloudstream3.utils.ExtractorApi' was compiled with an incompatible version of Kotlin. The actual metadata version is 2.4.0, but the compiler version 2.1.0 can read versions up to 2.2.0.
The class is loaded from /home/runner/.gradle/caches/8.12/transforms/68bebdc5262e86f52108e6397eb2b3a9/transformed/jetified-cloudstream.jar!/com/lagradost/cloudstream3/utils/ExtractorApi.class
e: file:///home/runner/work/cuoldstram/cuoldstram/src/FilmMakinesi/src/main/kotlin/com/keyiflerolsun/CloseLoadExtractor.kt:16:28 Class 'com.lagradost.cloudstream3.SubtitleFile' was compiled with an incompatible version of Kotlin. The actual metadata version is 2.4.0, but the compiler version 2.1.0 can read versions up to 2.2.0.
The class is loaded from /home/runner/.gradle/caches/8.12/transforms/68bebdc5262e86f52108e6397eb2b3a9/transformed/jetified-cloudstream.jar!/com/lagradost/cloudstream3/SubtitleFile.class
e: file:///home/runner/work/cuoldstram/cuoldstram/src/FilmMakinesi/src/main/kotlin/com/keyiflerolsun/CloseLoadExtractor.kt:17:20 Class 'com.lagradost.cloudstream3.utils.ExtractorLink' was compiled with an incompatible version of Kotlin. The actual metadata version is 2.4.0, but the compiler version 2.1.0 can read versions up to 2.2.0.
The class is loaded from /home/runner/.gradle/caches/8.12/transforms/68bebdc5262e86f52108e6397eb2b3a9/transformed/jetified-cloudstream.jar!/com/lagradost/cloudstream3/utils/ExtractorLink.class
e: file:///home/runner/work/cuoldstram/cuoldstram/src/FilmMakinesi/src/main/kotlin/com/keyiflerolsun/CloseLoadExtractor.kt:26:32 Unresolved reference 'get'.
e: file:///home/runner/work/cuoldstram/cuoldstram/src/FilmMakinesi/src/main/kotlin/com/keyiflerolsun/CloseLoadExtractor.kt:37:19 Class 'com.lagradost.cloudstream3.ErrorLoadingException' was compiled with an incompatible version of Kotlin. The actual metadata version is 2.4.0, but the compiler version 2.1.0 can read versions up to 2.2.0.
The class is loaded from /home/runner/.gradle/caches/8.12/transforms/68bebdc5262e86f52108e6397eb2b3a9/transformed/jetified-cloudstream.jar!/com/lagradost/cloudstream3/ErrorLoadingException.class
e: file:///home/runner/work/cuoldstram/cuoldstram/src/FilmMakinesi/src/main/kotlin/com/keyiflerolsun/CloseLoadExtractor.kt:41:74 Class 'com.lagradost.cloudstream3.utils.ExtractorLink' was compiled with an incompatible version of Kotlin. The actual metadata version is 2.4.0, but the compiler version 2.1.0 can read versions up to 2.2.0.
The class is loaded from /home/runner/.gradle/caches/8.12/transforms/68bebdc5262e86f52108e6397eb2b3a9/transformed/jetified-cloudstream.jar!/com/lagradost/cloudstream3/utils/ExtractorLink.class
e: file:///home/runner/work/cuoldstram/cuoldstram/src/FilmMakinesi/src/main/kotlin/com/keyiflerolsun/CloseLoadExtractor.kt:51:21 Class 'com.lagradost.cloudstream3.utils.ExtractorLink' was compiled with an incompatible version of Kotlin. The actual metadata version is 2.4.0, but the compiler version 2.1.0 can read versions up to 2.2.0.
The class is loaded from /home/runner/.gradle/caches/8.12/transforms/68bebdc5262e86f52108e6397eb2b3a9/transformed/jetified-cloudstream.jar!/com/lagradost/cloudstream3/utils/ExtractorLink.class
e: file:///home/runner/work/cuoldstram/cuoldstram/src/FilmMakinesi/src/main/kotlin/com/keyiflerolsun/CloseLoadExtractor.kt:52:25 Unresolved reference 'newExtractorLink'.
e: file:///home/runner/work/cuoldstram/cuoldstram/src/FilmMakinesi/src/main/kotlin/com/keyiflerolsun/CloseLoadExtractor.kt:56:36 Class 'com.lagradost.cloudstream3.utils.ExtractorLinkType' was compiled with an incompatible version of Kotlin. The actual metadata version is 2.4.0, but the compiler version 2.1.0 can read versions up to 2.2.0.
The class is loaded from /home/runner/.gradle/caches/8.12/transforms/68bebdc5262e86f52108e6397eb2b3a9/transformed/jetified-cloudstream.jar!/com/lagradost/cloudstream3/utils/ExtractorLinkType.class
e: file:///home/runner/work/cuoldstram/cuoldstram/src/FilmMakinesi/src/main/kotlin/com/keyiflerolsun/CloseLoadExtractor.kt:58:29 Unresolved reference 'quality'.
e: file:///home/runner/work/cuoldstram/cuoldstram/src/FilmMakinesi/src/main/kotlin/com/keyiflerolsun/CloseLoadExtractor.kt:58:39 Class 'com.lagradost.cloudstream3.utils.Qualities' was compiled with an incompatible version of Kotlin. The actual metadata version is 2.4.0, but the compiler version 2.1.0 can read versions up to 2.2.0.
The class is loaded from /home/runner/.gradle/caches/8.12/transforms/68bebdc5262e86f52108e6397eb2b3a9/transformed/jetified-cloudstream.jar!/com/lagradost/cloudstream3/utils/Qualities.class
e: file:///home/runner/work/cuoldstram/cuoldstram/src/FilmMakinesi/src/main/kotlin/com/keyiflerolsun/CloseLoadExtractor.kt:58:39 Class 'com.lagradost.cloudstream3.utils.Qualities' was compiled with an incompatible version of Kotlin. The actual metadata version is 2.4.0, but the compiler version 2.1.0 can read versions up to 2.2.0.
The class is loaded from /home/runner/.gradle/caches/8.12/transforms/68bebdc5262e86f52108e6397eb2b3a9/transformed/jetified-cloudstream.jar!/com/lagradost/cloudstream3/utils/Qualities.class
e: file:///home/runner/work/cuoldstram/cuoldstram/src/FilmMakinesi/src/main/kotlin/com/keyiflerolsun/CloseLoadExtractor.kt:59:29 Unresolved reference 'headers'.
e: file:///home/runner/work/cuoldstram/cuoldstram/src/FilmMakinesi/src/main/kotlin/com/keyiflerolsun/CloseLoadExtractor.kt:67:73 Class 'com.lagradost.cloudstream3.SubtitleFile' was compiled with an incompatible version of Kotlin. The actual metadata version is 2.4.0, but the compiler version 2.1.0 can read versions up to 2.2.0.
The class is loaded from /home/runner/.gradle/caches/8.12/transforms/68bebdc5262e86f52108e6397eb2b3a9/transformed/jetified-cloudstream.jar!/com/lagradost/cloudstream3/SubtitleFile.class
e: file:///home/runner/work/cuoldstram/cuoldstram/src/FilmMakinesi/src/main/kotlin/com/keyiflerolsun/CloseLoadExtractor.kt:75:21 Class 'com.lagradost.cloudstream3.SubtitleFile' was compiled with an incompatible version of Kotlin. The actual metadata version is 2.4.0, but the compiler version 2.1.0 can read versions up to 2.2.0.
The class is loaded from /home/runner/.gradle/caches/8.12/transforms/68bebdc5262e86f52108e6397eb2b3a9/transformed/jetified-cloudstream.jar!/com/lagradost/cloudstream3/SubtitleFile.class
e: file:///home/runner/work/cuoldstram/cuoldstram/src/FilmMakinesi/src/main/kotlin/com/keyiflerolsun/CloseLoadExtractor.kt:75:38 Class 'com.lagradost.cloudstream3.SubtitleFile' was compiled with an incompatible version of Kotlin. The actual metadata version is 2.4.0, but the compiler version 2.1.0 can read versions up to 2.2.0.
The class is loaded from /home/runner/.gradle/caches/8.12/transforms/68bebdc5262e86f52108e6397eb2b3a9/transformed/jetified-cloudstream.jar!/com/lagradost/cloudstream3/SubtitleFile.class
e: file:///home/runner/work/cuoldstram/cuoldstram/src/FilmMakinesi/src/main/kotlin/com/keyiflerolsun/FilmMakinesi.kt:14:22 Class 'com.lagradost.cloudstream3.MainAPI' was compiled with an incompatible version of Kotlin. The actual metadata version is 2.4.0, but the compiler version 2.1.0 can read versions up to 2.2.0.
The class is loaded from /home/runner/.gradle/caches/8.12/transforms/68bebdc5262e86f52108e6397eb2b3a9/transformed/jetified-cloudstream.jar!/com/lagradost/cloudstream3/MainAPI.class
e: file:///home/runner/work/cuoldstram/cuoldstram/src/FilmMakinesi/src/main/kotlin/com/keyiflerolsun/FilmMakinesi.kt:20:41 Class 'com.lagradost.cloudstream3.TvType' was compiled with an incompatible version of Kotlin. The actual metadata version is 2.4.0, but the compiler version 2.1.0 can read versions up to 2.2.0.
The class is loaded from /home/runner/.gradle/caches/8.12/transforms/68bebdc5262e86f52108e6397eb2b3a9/transformed/jetified-cloudstream.jar!/com/lagradost/cloudstream3/TvType.class
e: file:///home/runner/work/cuoldstram/cuoldstram/src/FilmMakinesi/src/main/kotlin/com/keyiflerolsun/FilmMakinesi.kt:20:47 Class 'com.lagradost.cloudstream3.TvType' was compiled with an incompatible version of Kotlin. The actual metadata version is 2.4.0, but the compiler version 2.1.0 can read versions up to 2.2.0.
The class is loaded from /home/runner/.gradle/caches/8.12/transforms/68bebdc5262e86f52108e6397eb2b3a9/transformed/jetified-cloudstream.jar!/com/lagradost/cloudstream3/TvType.class
e: file:///home/runner/work/cuoldstram/cuoldstram/src/FilmMakinesi/src/main/kotlin/com/keyiflerolsun/FilmMakinesi.kt:27:29 Unresolved reference 'mainPageOf'.
e: file:///home/runner/work/cuoldstram/cuoldstram/src/FilmMakinesi/src/main/kotlin/com/keyiflerolsun/FilmMakinesi.kt:51:58 Class 'com.lagradost.cloudstream3.MainPageRequest' was compiled with an incompatible version of Kotlin. The actual metadata version is 2.4.0, but the compiler version 2.1.0 can read versions up to 2.2.0.
The class is loaded from /home/runner/.gradle/caches/8.12/transforms/68bebdc5262e86f52108e6397eb2b3a9/transformed/jetified-cloudstream.jar!/com/lagradost/cloudstream3/MainPageRequest.class
e: file:///home/runner/work/cuoldstram/cuoldstram/src/FilmMakinesi/src/main/kotlin/com/keyiflerolsun/FilmMakinesi.kt:51:76 Class 'com.lagradost.cloudstream3.HomePageResponse' was compiled with an incompatible version of Kotlin. The actual metadata version is 2.4.0, but the compiler version 2.1.0 can read versions up to 2.2.0.
The class is loaded from /home/runner/.gradle/caches/8.12/transforms/68bebdc5262e86f52108e6397eb2b3a9/transformed/jetified-cloudstream.jar!/com/lagradost/cloudstream3/HomePageResponse.class
e: file:///home/runner/work/cuoldstram/cuoldstram/src/FilmMakinesi/src/main/kotlin/com/keyiflerolsun/FilmMakinesi.kt:52:18 Class 'com.lagradost.cloudstream3.MainPageRequest' was compiled with an incompatible version of Kotlin. The actual metadata version is 2.4.0, but the compiler version 2.1.0 can read versions up to 2.2.0.
The class is loaded from /home/runner/.gradle/caches/8.12/transforms/68bebdc5262e86f52108e6397eb2b3a9/transformed/jetified-cloudstream.jar!/com/lagradost/cloudstream3/MainPageRequest.class
e: file:///home/runner/work/cuoldstram/cuoldstram/src/FilmMakinesi/src/main/kotlin/com/keyiflerolsun/FilmMakinesi.kt:52:18 Class 'com.lagradost.cloudstream3.MainPageRequest' was compiled with an incompatible version of Kotlin. The actual metadata version is 2.4.0, but the compiler version 2.1.0 can read versions up to 2.2.0.
The class is loaded from /home/runner/.gradle/caches/8.12/transforms/68bebdc5262e86f52108e6397eb2b3a9/transformed/jetified-cloudstream.jar!/com/lagradost/cloudstream3/MainPageRequest.class
e: file:///home/runner/work/cuoldstram/cuoldstram/src/FilmMakinesi/src/main/kotlin/com/keyiflerolsun/FilmMakinesi.kt:59:20 Unresolved reference 'get'.
e: file:///home/runner/work/cuoldstram/cuoldstram/src/FilmMakinesi/src/main/kotlin/com/keyiflerolsun/FilmMakinesi.kt:60:21 Unresolved reference 'USER_AGENT'.
e: file:///home/runner/work/cuoldstram/cuoldstram/src/FilmMakinesi/src/main/kotlin/com/keyiflerolsun/FilmMakinesi.kt:65:21 Class 'com.lagradost.cloudstream3.SearchResponse' was compiled with an incompatible version of Kotlin. The actual metadata version is 2.4.0, but the compiler version 2.1.0 can read versions up to 2.2.0.
The class is loaded from /home/runner/.gradle/caches/8.12/transforms/68bebdc5262e86f52108e6397eb2b3a9/transformed/jetified-cloudstream.jar!/com/lagradost/cloudstream3/SearchResponse.class
e: file:///home/runner/work/cuoldstram/cuoldstram/src/FilmMakinesi/src/main/kotlin/com/keyiflerolsun/FilmMakinesi.kt:65:23 Unresolved reference 'it'.
e: file:///home/runner/work/cuoldstram/cuoldstram/src/FilmMakinesi/src/main/kotlin/com/keyiflerolsun/FilmMakinesi.kt:65:23 Class 'com.lagradost.cloudstream3.SearchResponse' was compiled with an incompatible version of Kotlin. The actual metadata version is 2.4.0, but the compiler version 2.1.0 can read versions up to 2.2.0.
The class is loaded from /home/runner/.gradle/caches/8.12/transforms/68bebdc5262e86f52108e6397eb2b3a9/transformed/jetified-cloudstream.jar!/com/lagradost/cloudstream3/SearchResponse.class
e: file:///home/runner/work/cuoldstram/cuoldstram/src/FilmMakinesi/src/main/kotlin/com/keyiflerolsun/FilmMakinesi.kt:67:40 Unresolved reference 'size'.
e: file:///home/runner/work/cuoldstram/cuoldstram/src/FilmMakinesi/src/main/kotlin/com/keyiflerolsun/FilmMakinesi.kt:68:12 Unresolved reference 'newHomePageResponse'.
e: file:///home/runner/work/cuoldstram/cuoldstram/src/FilmMakinesi/src/main/kotlin/com/keyiflerolsun/FilmMakinesi.kt:68:32 Class 'com.lagradost.cloudstream3.MainPageRequest' was compiled with an incompatible version of Kotlin. The actual metadata version is 2.4.0, but the compiler version 2.1.0 can read versions up to 2.2.0.
The class is loaded from /home/runner/.gradle/caches/8.12/transforms/68bebdc5262e86f52108e6397eb2b3a9/transformed/jetified-cloudstream.jar!/com/lagradost/cloudstream3/MainPageRequest.class
e: file:///home/runner/work/cuoldstram/cuoldstram/src/FilmMakinesi/src/main/kotlin/com/keyiflerolsun/FilmMakinesi.kt:68:32 Class 'com.lagradost.cloudstream3.MainPageRequest' was compiled with an incompatible version of Kotlin. The actual metadata version is 2.4.0, but the compiler version 2.1.0 can read versions up to 2.2.0.
The class is loaded from /home/runner/.gradle/caches/8.12/transforms/68bebdc5262e86f52108e6397eb2b3a9/transformed/jetified-cloudstream.jar!/com/lagradost/cloudstream3/MainPageRequest.class
e: file:///home/runner/work/cuoldstram/cuoldstram/src/FilmMakinesi/src/main/kotlin/com/keyiflerolsun/FilmMakinesi.kt:71:39 Class 'com.lagradost.cloudstream3.SearchResponse' was compiled with an incompatible version of Kotlin. The actual metadata version is 2.4.0, but the compiler version 2.1.0 can read versions up to 2.2.0.
The class is loaded from /home/runner/.gradle/caches/8.12/transforms/68bebdc5262e86f52108e6397eb2b3a9/transformed/jetified-cloudstream.jar!/com/lagradost/cloudstream3/SearchResponse.class
e: file:///home/runner/work/cuoldstram/cuoldstram/src/FilmMakinesi/src/main/kotlin/com/keyiflerolsun/FilmMakinesi.kt:74:16 Unresolved reference 'fixUrlNull'.
e: file:///home/runner/work/cuoldstram/cuoldstram/src/FilmMakinesi/src/main/kotlin/com/keyiflerolsun/FilmMakinesi.kt:75:21 Unresolved reference 'fixUrlNull'.
e: file:///home/runner/work/cuoldstram/cuoldstram/src/FilmMakinesi/src/main/kotlin/com/keyiflerolsun/FilmMakinesi.kt:79:12 Unresolved reference 'newMovieSearchResponse'.
e: file:///home/runner/work/cuoldstram/cuoldstram/src/FilmMakinesi/src/main/kotlin/com/keyiflerolsun/FilmMakinesi.kt:79:48 Class 'com.lagradost.cloudstream3.TvType' was compiled with an incompatible version of Kotlin. The actual metadata version is 2.4.0, but the compiler version 2.1.0 can read versions up to 2.2.0.
The class is loaded from /home/runner/.gradle/caches/8.12/transforms/68bebdc5262e86f52108e6397eb2b3a9/transformed/jetified-cloudstream.jar!/com/lagradost/cloudstream3/TvType.class
e: file:///home/runner/work/cuoldstram/cuoldstram/src/FilmMakinesi/src/main/kotlin/com/keyiflerolsun/FilmMakinesi.kt:80:14 Unresolved reference 'posterUrl'.
e: file:///home/runner/work/cuoldstram/cuoldstram/src/FilmMakinesi/src/main/kotlin/com/keyiflerolsun/FilmMakinesi.kt:83:46 Class 'com.lagradost.cloudstream3.SearchResponse' was compiled with an incompatible version of Kotlin. The actual metadata version is 2.4.0, but the compiler version 2.1.0 can read versions up to 2.2.0.
The class is loaded from /home/runner/.gradle/caches/8.12/transforms/68bebdc5262e86f52108e6397eb2b3a9/transformed/jetified-cloudstream.jar!/com/lagradost/cloudstream3/SearchResponse.class
e: file:///home/runner/work/cuoldstram/cuoldstram/src/FilmMakinesi/src/main/kotlin/com/keyiflerolsun/FilmMakinesi.kt:85:25 Unresolved reference 'fixUrlNull'.
e: file:///home/runner/work/cuoldstram/cuoldstram/src/FilmMakinesi/src/main/kotlin/com/keyiflerolsun/FilmMakinesi.kt:86:25 Unresolved reference 'fixUrlNull'.
e: file:///home/runner/work/cuoldstram/cuoldstram/src/FilmMakinesi/src/main/kotlin/com/keyiflerolsun/FilmMakinesi.kt:88:16 Unresolved reference 'newMovieSearchResponse'.
e: file:///home/runner/work/cuoldstram/cuoldstram/src/FilmMakinesi/src/main/kotlin/com/keyiflerolsun/FilmMakinesi.kt:88:52 Class 'com.lagradost.cloudstream3.TvType' was compiled with an incompatible version of Kotlin. The actual metadata version is 2.4.0, but the compiler version 2.1.0 can read versions up to 2.2.0.
The class is loaded from /home/runner/.gradle/caches/8.12/transforms/68bebdc5262e86f52108e6397eb2b3a9/transformed/jetified-cloudstream.jar!/com/lagradost/cloudstream3/TvType.class
e: file:///home/runner/work/cuoldstram/cuoldstram/src/FilmMakinesi/src/main/kotlin/com/keyiflerolsun/FilmMakinesi.kt:88:73 Unresolved reference 'posterUrl'.
e: file:///home/runner/work/cuoldstram/cuoldstram/src/FilmMakinesi/src/main/kotlin/com/keyiflerolsun/FilmMakinesi.kt:91:54 Class 'com.lagradost.cloudstream3.SearchResponse' was compiled with an incompatible version of Kotlin. The actual metadata version is 2.4.0, but the compiler version 2.1.0 can read versions up to 2.2.0.
The class is loaded from /home/runner/.gradle/caches/8.12/transforms/68bebdc5262e86f52108e6397eb2b3a9/transformed/jetified-cloudstream.jar!/com/lagradost/cloudstream3/SearchResponse.class
e: file:///home/runner/work/cuoldstram/cuoldstram/src/FilmMakinesi/src/main/kotlin/com/keyiflerolsun/FilmMakinesi.kt:92:28 Unresolved reference 'get'.
e: file:///home/runner/work/cuoldstram/cuoldstram/src/FilmMakinesi/src/main/kotlin/com/keyiflerolsun/FilmMakinesi.kt:94:78 Class 'com.lagradost.cloudstream3.SearchResponse' was compiled with an incompatible version of Kotlin. The actual metadata version is 2.4.0, but the compiler version 2.1.0 can read versions up to 2.2.0.
The class is loaded from /home/runner/.gradle/caches/8.12/transforms/68bebdc5262e86f52108e6397eb2b3a9/transformed/jetified-cloudstream.jar!/com/lagradost/cloudstream3/SearchResponse.class
e: file:///home/runner/work/cuoldstram/cuoldstram/src/FilmMakinesi/src/main/kotlin/com/keyiflerolsun/FilmMakinesi.kt:94:80 Unresolved reference 'it'.
e: file:///home/runner/work/cuoldstram/cuoldstram/src/FilmMakinesi/src/main/kotlin/com/keyiflerolsun/FilmMakinesi.kt:94:80 Class 'com.lagradost.cloudstream3.SearchResponse' was compiled with an incompatible version of Kotlin. The actual metadata version is 2.4.0, but the compiler version 2.1.0 can read versions up to 2.2.0.
The class is loaded from /home/runner/.gradle/caches/8.12/transforms/68bebdc5262e86f52108e6397eb2b3a9/transformed/jetified-cloudstream.jar!/com/lagradost/cloudstream3/SearchResponse.class
e: file:///home/runner/work/cuoldstram/cuoldstram/src/FilmMakinesi/src/main/kotlin/com/keyiflerolsun/FilmMakinesi.kt:97:59 Class 'com.lagradost.cloudstream3.SearchResponse' was compiled with an incompatible version of Kotlin. The actual metadata version is 2.4.0, but the compiler version 2.1.0 can read versions up to 2.2.0.
The class is loaded from /home/runner/.gradle/caches/8.12/transforms/68bebdc5262e86f52108e6397eb2b3a9/transformed/jetified-cloudstream.jar!/com/lagradost/cloudstream3/SearchResponse.class
e: file:///home/runner/work/cuoldstram/cuoldstram/src/FilmMakinesi/src/main/kotlin/com/keyiflerolsun/FilmMakinesi.kt:99:45 Class 'com.lagradost.cloudstream3.LoadResponse' was compiled with an incompatible version of Kotlin. The actual metadata version is 2.4.0, but the compiler version 2.1.0 can read versions up to 2.2.0.
The class is loaded from /home/runner/.gradle/caches/8.12/transforms/68bebdc5262e86f52108e6397eb2b3a9/transformed/jetified-cloudstream.jar!/com/lagradost/cloudstream3/LoadResponse.class
e: file:///home/runner/work/cuoldstram/cuoldstram/src/FilmMakinesi/src/main/kotlin/com/keyiflerolsun/FilmMakinesi.kt:100:28 Unresolved reference 'get'.
e: file:///home/runner/work/cuoldstram/cuoldstram/src/FilmMakinesi/src/main/kotlin/com/keyiflerolsun/FilmMakinesi.kt:103:31 Unresolved reference 'fixUrlNull'.
e: file:///home/runner/work/cuoldstram/cuoldstram/src/FilmMakinesi/src/main/kotlin/com/keyiflerolsun/FilmMakinesi.kt:104:81 Unresolved reference 'text'.
e: file:///home/runner/work/cuoldstram/cuoldstram/src/FilmMakinesi/src/main/kotlin/com/keyiflerolsun/FilmMakinesi.kt:116:93 Class 'com.lagradost.cloudstream3.SearchResponse' was compiled with an incompatible version of Kotlin. The actual metadata version is 2.4.0, but the compiler version 2.1.0 can read versions up to 2.2.0.
The class is loaded from /home/runner/.gradle/caches/8.12/transforms/68bebdc5262e86f52108e6397eb2b3a9/transformed/jetified-cloudstream.jar!/com/lagradost/cloudstream3/SearchResponse.class
e: file:///home/runner/work/cuoldstram/cuoldstram/src/FilmMakinesi/src/main/kotlin/com/keyiflerolsun/FilmMakinesi.kt:116:95 Unresolved reference 'it'.
e: file:///home/runner/work/cuoldstram/cuoldstram/src/FilmMakinesi/src/main/kotlin/com/keyiflerolsun/FilmMakinesi.kt:116:95 Class 'com.lagradost.cloudstream3.SearchResponse' was compiled with an incompatible version of Kotlin. The actual metadata version is 2.4.0, but the compiler version 2.1.0 can read versions up to 2.2.0.
The class is loaded from /home/runner/.gradle/caches/8.12/transforms/68bebdc5262e86f52108e6397eb2b3a9/transformed/jetified-cloudstream.jar!/com/lagradost/cloudstream3/SearchResponse.class
e: file:///home/runner/work/cuoldstram/cuoldstram/src/FilmMakinesi/src/main/kotlin/com/keyiflerolsun/FilmMakinesi.kt:117:106 Class 'com.lagradost.cloudstream3.Actor' was compiled with an incompatible version of Kotlin. The actual metadata version is 2.4.0, but the compiler version 2.1.0 can read versions up to 2.2.0.
The class is loaded from /home/runner/.gradle/caches/8.12/transforms/68bebdc5262e86f52108e6397eb2b3a9/transformed/jetified-cloudstream.jar!/com/lagradost/cloudstream3/Actor.class
e: file:///home/runner/work/cuoldstram/cuoldstram/src/FilmMakinesi/src/main/kotlin/com/keyiflerolsun/FilmMakinesi.kt:117:110 Class 'com.lagradost.cloudstream3.Actor' was compiled with an incompatible version of Kotlin. The actual metadata version is 2.4.0, but the compiler version 2.1.0 can read versions up to 2.2.0.
The class is loaded from /home/runner/.gradle/caches/8.12/transforms/68bebdc5262e86f52108e6397eb2b3a9/transformed/jetified-cloudstream.jar!/com/lagradost/cloudstream3/Actor.class
e: file:///home/runner/work/cuoldstram/cuoldstram/src/FilmMakinesi/src/main/kotlin/com/keyiflerolsun/FilmMakinesi.kt:118:13 Class 'com.lagradost.cloudstream3.Actor' was compiled with an incompatible version of Kotlin. The actual metadata version is 2.4.0, but the compiler version 2.1.0 can read versions up to 2.2.0.
The class is loaded from /home/runner/.gradle/caches/8.12/transforms/68bebdc5262e86f52108e6397eb2b3a9/transformed/jetified-cloudstream.jar!/com/lagradost/cloudstream3/Actor.class
e: file:///home/runner/work/cuoldstram/cuoldstram/src/FilmMakinesi/src/main/kotlin/com/keyiflerolsun/FilmMakinesi.kt:125:16 Unresolved reference 'newMovieLoadResponse'.
e: file:///home/runner/work/cuoldstram/cuoldstram/src/FilmMakinesi/src/main/kotlin/com/keyiflerolsun/FilmMakinesi.kt:125:49 Class 'com.lagradost.cloudstream3.TvType' was compiled with an incompatible version of Kotlin. The actual metadata version is 2.4.0, but the compiler version 2.1.0 can read versions up to 2.2.0.
The class is loaded from /home/runner/.gradle/caches/8.12/transforms/68bebdc5262e86f52108e6397eb2b3a9/transformed/jetified-cloudstream.jar!/com/lagradost/cloudstream3/TvType.class
e: file:///home/runner/work/cuoldstram/cuoldstram/src/FilmMakinesi/src/main/kotlin/com/keyiflerolsun/FilmMakinesi.kt:126:18 Unresolved reference 'posterUrl'.
e: file:///home/runner/work/cuoldstram/cuoldstram/src/FilmMakinesi/src/main/kotlin/com/keyiflerolsun/FilmMakinesi.kt:127:18 Unresolved reference 'year'.
e: file:///home/runner/work/cuoldstram/cuoldstram/src/FilmMakinesi/src/main/kotlin/com/keyiflerolsun/FilmMakinesi.kt:128:18 Unresolved reference 'plot'.
e: file:///home/runner/work/cuoldstram/cuoldstram/src/FilmMakinesi/src/main/kotlin/com/keyiflerolsun/FilmMakinesi.kt:129:18 Unresolved reference 'tags'.
e: file:///home/runner/work/cuoldstram/cuoldstram/src/FilmMakinesi/src/main/kotlin/com/keyiflerolsun/FilmMakinesi.kt:130:18 Unresolved reference 'duration'.
e: file:///home/runner/work/cuoldstram/cuoldstram/src/FilmMakinesi/src/main/kotlin/com/keyiflerolsun/FilmMakinesi.kt:131:18 Unresolved reference 'recommendations'.
e: file:///home/runner/work/cuoldstram/cuoldstram/src/FilmMakinesi/src/main/kotlin/com/keyiflerolsun/FilmMakinesi.kt:132:13 None of the following candidates is applicable:
fun LoadResponse.addActors(actors: List<String>?): Unit
fun LoadResponse.addActors(actors: List<Pair<Actor, String?>>?): Unit
fun LoadResponse.addActors(actors: List<Pair<Actor, ActorRole?>>?): Unit
fun LoadResponse.addActors(actors: List<Actor>?): Unit
e: file:///home/runner/work/cuoldstram/cuoldstram/src/FilmMakinesi/src/main/kotlin/com/keyiflerolsun/FilmMakinesi.kt:133:13 None of the following candidates is applicable:
suspend fun LoadResponse.addTrailer(trailerUrl: String?, referer: String? = ..., addRaw: Boolean = ...): Unit
suspend fun LoadResponse.addTrailer(trailerUrl: String?, referer: String? = ..., addRaw: Boolean = ..., headers: Map<String, String> = ...): Unit
suspend fun LoadResponse.addTrailer(trailerUrls: List<String>?, referer: String? = ..., addRaw: Boolean = ...): Unit
e: file:///home/runner/work/cuoldstram/cuoldstram/src/FilmMakinesi/src/main/kotlin/com/keyiflerolsun/FilmMakinesi.kt:138:89 Class 'com.lagradost.cloudstream3.SubtitleFile' was compiled with an incompatible version of Kotlin. The actual metadata version is 2.4.0, but the compiler version 2.1.0 can read versions up to 2.2.0.
The class is loaded from /home/runner/.gradle/caches/8.12/transforms/68bebdc5262e86f52108e6397eb2b3a9/transformed/jetified-cloudstream.jar!/com/lagradost/cloudstream3/SubtitleFile.class
e: file:///home/runner/work/cuoldstram/cuoldstram/src/FilmMakinesi/src/main/kotlin/com/keyiflerolsun/FilmMakinesi.kt:138:123 Class 'com.lagradost.cloudstream3.utils.ExtractorLink' was compiled with an incompatible version of Kotlin. The actual metadata version is 2.4.0, but the compiler version 2.1.0 can read versions up to 2.2.0.
The class is loaded from /home/runner/.gradle/caches/8.12/transforms/68bebdc5262e86f52108e6397eb2b3a9/transformed/jetified-cloudstream.jar!/com/lagradost/cloudstream3/utils/ExtractorLink.class
e: file:///home/runner/work/cuoldstram/cuoldstram/src/FilmMakinesi/src/main/kotlin/com/keyiflerolsun/FilmMakinesi.kt:140:33 Unresolved reference 'get'.
e: file:///home/runner/work/cuoldstram/cuoldstram/src/FilmMakinesi/src/main/kotlin/com/keyiflerolsun/FilmMakinesi.kt:143:81 Unresolved reference 'it'.
e: file:///home/runner/work/cuoldstram/cuoldstram/src/FilmMakinesi/src/main/kotlin/com/keyiflerolsun/FilmMakinesi.kt:147:27 Cannot infer type for this parameter. Please specify it explicitly.
e: file:///home/runner/work/cuoldstram/cuoldstram/src/FilmMakinesi/src/main/kotlin/com/keyiflerolsun/FilmMakinesi.kt:149:13 Unresolved reference 'loadExtractor'.
e: file:///home/runner/work/cuoldstram/cuoldstram/src/FilmMakinesi/src/main/kotlin/com/keyiflerolsun/FilmMakinesiPlugin.kt:7:2 Class 'com.lagradost.cloudstream3.plugins.CloudstreamPlugin' was compiled with an incompatible version of Kotlin. The actual metadata version is 2.4.0, but the compiler version 2.1.0 can read versions up to 2.2.0.
The class is loaded from /home/runner/.gradle/caches/8.12/transforms/68bebdc5262e86f52108e6397eb2b3a9/transformed/jetified-cloudstream.jar!/com/lagradost/cloudstream3/plugins/CloudstreamPlugin.class
e: file:///home/runner/work/cuoldstram/cuoldstram/src/FilmMakinesi/src/main/kotlin/com/keyiflerolsun/FilmMakinesiPlugin.kt:8:27 Class 'com.lagradost.cloudstream3.plugins.Plugin' was compiled with an incompatible version of Kotlin. The actual metadata version is 2.4.0, but the compiler version 2.1.0 can read versions up to 2.2.0.
The class is loaded from /home/runner/.gradle/caches/8.12/transforms/68bebdc5262e86f52108e6397eb2b3a9/transformed/jetified-cloudstream.jar!/com/lagradost/cloudstream3/plugins/Plugin.class
e: file:///home/runner/work/cuoldstram/cuoldstram/src/FilmMakinesi/src/main/kotlin/com/keyiflerolsun/FilmMakinesiPlugin.kt:10:9 Class 'com.lagradost.cloudstream3.MainAPI' was compiled with an incompatible version of Kotlin. The actual metadata version is 2.4.0, but the compiler version 2.1.0 can read versions up to 2.2.0.
The class is loaded from /home/runner/.gradle/caches/8.12/transforms/68bebdc5262e86f52108e6397eb2b3a9/transformed/jetified-cloudstream.jar!/com/lagradost/cloudstream3/MainAPI.class
e: file:///home/runner/work/cuoldstram/cuoldstram/src/FilmMakinesi/src/main/kotlin/com/keyiflerolsun/FilmMakinesiPlugin.kt:10:9 Class 'com.lagradost.cloudstream3.plugins.BasePlugin' was compiled with an incompatible version of Kotlin. The actual metadata version is 2.4.0, but the compiler version 2.1.0 can read versions up to 2.2.0.
The class is loaded from /home/runner/.gradle/caches/8.12/transforms/68bebdc5262e86f52108e6397eb2b3a9/transformed/jetified-cloudstream.jar!/com/lagradost/cloudstream3/plugins/BasePlugin.class
e: file:///home/runner/work/cuoldstram/cuoldstram/src/FilmMakinesi/src/main/kotlin/com/keyiflerolsun/FilmMakinesiPlugin.kt:11:9 Class 'com.lagradost.cloudstream3.utils.ExtractorApi' was compiled with an incompatible version of Kotlin. The actual metadata version is 2.4.0, but the compiler version 2.1.0 can read versions up to 2.2.0.
The class is loaded from /home/runner/.gradle/caches/8.12/transforms/68bebdc5262e86f52108e6397eb2b3a9/transformed/jetified-cloudstream.jar!/com/lagradost/cloudstream3/utils/ExtractorApi.class
e: file:///home/runner/work/cuoldstram/cuoldstram/src/FilmMakinesi/src/main/kotlin/com/keyiflerolsun/FilmMakinesiPlugin.kt:11:9 Class 'com.lagradost.cloudstream3.plugins.BasePlugin' was compiled with an incompatible version of Kotlin. The actual metadata version is 2.4.0, but the compiler version 2.1.0 can read versions up to 2.2.0.
The class is loaded from /home/runner/.gradle/caches/8.12/transforms/68bebdc5262e86f52108e6397eb2b3a9/transformed/jetified-cloudstream.jar!/com/lagradost/cloudstream3/plugins/BasePlugin.class

> Task :CanliTV:compileDebugKotlin FAILED
e: Incompatible classes were found in dependencies. Remove them from the classpath or use '-Xskip-metadata-version-check' to suppress errors
e: file:///home/runner/.gradle/caches/8.12/transforms/68bebdc5262e86f52108e6397eb2b3a9/transformed/jetified-cloudstream.jar!/META-INF/CloudStream_library.kotlin_module Module was compiled with an incompatible version of Kotlin. The binary version of its metadata is 2.4.0, expected version is 2.1.0.
e: file:///home/runner/.gradle/caches/8.12/transforms/68bebdc5262e86f52108e6397eb2b3a9/transformed/jetified-cloudstream.jar!/META-INF/app.kotlin_module Module was compiled with an incompatible version of Kotlin. The binary version of its metadata is 2.4.0, expected version is 2.1.0.
e: file:///home/runner/work/cuoldstram/cuoldstram/src/CanliTV/src/main/kotlin/com/keyiflerolsun/CanliTV.kt:12:17 Class 'com.lagradost.cloudstream3.MainAPI' was compiled with an incompatible version of Kotlin. The actual metadata version is 2.4.0, but the compiler version 2.1.0 can read versions up to 2.2.0.
The class is loaded from /home/runner/.gradle/caches/8.12/transforms/68bebdc5262e86f52108e6397eb2b3a9/transformed/jetified-cloudstream.jar!/com/lagradost/cloudstream3/MainAPI.class
e: file:///home/runner/work/cuoldstram/cuoldstram/src/CanliTV/src/main/kotlin/com/keyiflerolsun/CanliTV.kt:19:41 Class 'com.lagradost.cloudstream3.TvType' was compiled with an incompatible version of Kotlin. The actual metadata version is 2.4.0, but the compiler version 2.1.0 can read versions up to 2.2.0.
The class is loaded from /home/runner/.gradle/caches/8.12/transforms/68bebdc5262e86f52108e6397eb2b3a9/transformed/jetified-cloudstream.jar!/com/lagradost/cloudstream3/TvType.class
e: file:///home/runner/work/cuoldstram/cuoldstram/src/CanliTV/src/main/kotlin/com/keyiflerolsun/CanliTV.kt:19:47 Class 'com.lagradost.cloudstream3.TvType' was compiled with an incompatible version of Kotlin. The actual metadata version is 2.4.0, but the compiler version 2.1.0 can read versions up to 2.2.0.
The class is loaded from /home/runner/.gradle/caches/8.12/transforms/68bebdc5262e86f52108e6397eb2b3a9/transformed/jetified-cloudstream.jar!/com/lagradost/cloudstream3/TvType.class
e: file:///home/runner/work/cuoldstram/cuoldstram/src/CanliTV/src/main/kotlin/com/keyiflerolsun/CanliTV.kt:21:58 Class 'com.lagradost.cloudstream3.MainPageRequest' was compiled with an incompatible version of Kotlin. The actual metadata version is 2.4.0, but the compiler version 2.1.0 can read versions up to 2.2.0.
The class is loaded from /home/runner/.gradle/caches/8.12/transforms/68bebdc5262e86f52108e6397eb2b3a9/transformed/jetified-cloudstream.jar!/com/lagradost/cloudstream3/MainPageRequest.class
e: file:///home/runner/work/cuoldstram/cuoldstram/src/CanliTV/src/main/kotlin/com/keyiflerolsun/CanliTV.kt:21:76 Class 'com.lagradost.cloudstream3.HomePageResponse' was compiled with an incompatible version of Kotlin. The actual metadata version is 2.4.0, but the compiler version 2.1.0 can read versions up to 2.2.0.
The class is loaded from /home/runner/.gradle/caches/8.12/transforms/68bebdc5262e86f52108e6397eb2b3a9/transformed/jetified-cloudstream.jar!/com/lagradost/cloudstream3/HomePageResponse.class
e: file:///home/runner/work/cuoldstram/cuoldstram/src/CanliTV/src/main/kotlin/com/keyiflerolsun/CanliTV.kt:22:58 Unresolved reference 'get'.
e: file:///home/runner/work/cuoldstram/cuoldstram/src/CanliTV/src/main/kotlin/com/keyiflerolsun/CanliTV.kt:24:16 Unresolved reference 'newHomePageResponse'.
e: file:///home/runner/work/cuoldstram/cuoldstram/src/CanliTV/src/main/kotlin/com/keyiflerolsun/CanliTV.kt:25:22 Unresolved reference 'items'.
e: file:///home/runner/work/cuoldstram/cuoldstram/src/CanliTV/src/main/kotlin/com/keyiflerolsun/CanliTV.kt:25:38 Unresolved reference 'it'.
e: file:///home/runner/work/cuoldstram/cuoldstram/src/CanliTV/src/main/kotlin/com/keyiflerolsun/CanliTV.kt:25:75 Cannot infer type for this parameter. Please specify it explicitly.
e: file:///home/runner/work/cuoldstram/cuoldstram/src/CanliTV/src/main/kotlin/com/keyiflerolsun/CanliTV.kt:26:35 Unresolved reference 'key'.
e: file:///home/runner/work/cuoldstram/cuoldstram/src/CanliTV/src/main/kotlin/com/keyiflerolsun/CanliTV.kt:27:35 Unresolved reference 'value'.
e: file:///home/runner/work/cuoldstram/cuoldstram/src/CanliTV/src/main/kotlin/com/keyiflerolsun/CanliTV.kt:27:47 Cannot infer type for this parameter. Please specify it explicitly.
e: file:///home/runner/work/cuoldstram/cuoldstram/src/CanliTV/src/main/kotlin/com/keyiflerolsun/CanliTV.kt:28:45 Unresolved reference 'url'.
e: file:///home/runner/work/cuoldstram/cuoldstram/src/CanliTV/src/main/kotlin/com/keyiflerolsun/CanliTV.kt:29:45 Unresolved reference 'title'.
e: file:///home/runner/work/cuoldstram/cuoldstram/src/CanliTV/src/main/kotlin/com/keyiflerolsun/CanliTV.kt:30:45 Unresolved reference 'attributes'.
e: file:///home/runner/work/cuoldstram/cuoldstram/src/CanliTV/src/main/kotlin/com/keyiflerolsun/CanliTV.kt:31:45 Unresolved reference 'attributes'.
e: file:///home/runner/work/cuoldstram/cuoldstram/src/CanliTV/src/main/kotlin/com/keyiflerolsun/CanliTV.kt:32:45 Unresolved reference 'attributes'.
e: file:///home/runner/work/cuoldstram/cuoldstram/src/CanliTV/src/main/kotlin/com/keyiflerolsun/CanliTV.kt:34:21 Unresolved reference 'newLiveSearchResponse'.
e: file:///home/runner/work/cuoldstram/cuoldstram/src/CanliTV/src/main/kotlin/com/keyiflerolsun/CanliTV.kt:36:25 Class 'com.lagradost.cloudstream3.utils.AppUtils' was compiled with an incompatible version of Kotlin. The actual metadata version is 2.4.0, but the compiler version 2.1.0 can read versions up to 2.2.0.
The class is loaded from /home/runner/.gradle/caches/8.12/transforms/68bebdc5262e86f52108e6397eb2b3a9/transformed/jetified-cloudstream.jar!/com/lagradost/cloudstream3/utils/AppUtils.class
e: file:///home/runner/work/cuoldstram/cuoldstram/src/CanliTV/src/main/kotlin/com/keyiflerolsun/CanliTV.kt:37:32 Class 'com.lagradost.cloudstream3.TvType' was compiled with an incompatible version of Kotlin. The actual metadata version is 2.4.0, but the compiler version 2.1.0 can read versions up to 2.2.0.
The class is loaded from /home/runner/.gradle/caches/8.12/transforms/68bebdc5262e86f52108e6397eb2b3a9/transformed/jetified-cloudstream.jar!/com/lagradost/cloudstream3/TvType.class
e: file:///home/runner/work/cuoldstram/cuoldstram/src/CanliTV/src/main/kotlin/com/keyiflerolsun/CanliTV.kt:39:30 Unresolved reference 'posterUrl'.
e: file:///home/runner/work/cuoldstram/cuoldstram/src/CanliTV/src/main/kotlin/com/keyiflerolsun/CanliTV.kt:45:17 Class 'com.lagradost.cloudstream3.HomePageList' was compiled with an incompatible version of Kotlin. The actual metadata version is 2.4.0, but the compiler version 2.1.0 can read versions up to 2.2.0.
The class is loaded from /home/runner/.gradle/caches/8.12/transforms/68bebdc5262e86f52108e6397eb2b3a9/transformed/jetified-cloudstream.jar!/com/lagradost/cloudstream3/HomePageList.class
e: file:///home/runner/work/cuoldstram/cuoldstram/src/CanliTV/src/main/kotlin/com/keyiflerolsun/CanliTV.kt:51:54 Class 'com.lagradost.cloudstream3.SearchResponse' was compiled with an incompatible version of Kotlin. The actual metadata version is 2.4.0, but the compiler version 2.1.0 can read versions up to 2.2.0.
The class is loaded from /home/runner/.gradle/caches/8.12/transforms/68bebdc5262e86f52108e6397eb2b3a9/transformed/jetified-cloudstream.jar!/com/lagradost/cloudstream3/SearchResponse.class
e: file:///home/runner/work/cuoldstram/cuoldstram/src/CanliTV/src/main/kotlin/com/keyiflerolsun/CanliTV.kt:52:58 Unresolved reference 'get'.
e: file:///home/runner/work/cuoldstram/cuoldstram/src/CanliTV/src/main/kotlin/com/keyiflerolsun/CanliTV.kt:54:25 Unresolved reference 'items'.
e: file:///home/runner/work/cuoldstram/cuoldstram/src/CanliTV/src/main/kotlin/com/keyiflerolsun/CanliTV.kt:54:40 Unresolved reference 'it'.
e: file:///home/runner/work/cuoldstram/cuoldstram/src/CanliTV/src/main/kotlin/com/keyiflerolsun/CanliTV.kt:54:108 Cannot infer type for this parameter. Please specify it explicitly.
e: file:///home/runner/work/cuoldstram/cuoldstram/src/CanliTV/src/main/kotlin/com/keyiflerolsun/CanliTV.kt:55:37 Unresolved reference 'url'.
e: file:///home/runner/work/cuoldstram/cuoldstram/src/CanliTV/src/main/kotlin/com/keyiflerolsun/CanliTV.kt:56:37 Unresolved reference 'title'.
e: file:///home/runner/work/cuoldstram/cuoldstram/src/CanliTV/src/main/kotlin/com/keyiflerolsun/CanliTV.kt:57:37 Unresolved reference 'attributes'.
e: file:///home/runner/work/cuoldstram/cuoldstram/src/CanliTV/src/main/kotlin/com/keyiflerolsun/CanliTV.kt:58:37 Unresolved reference 'attributes'.
e: file:///home/runner/work/cuoldstram/cuoldstram/src/CanliTV/src/main/kotlin/com/keyiflerolsun/CanliTV.kt:59:37 Unresolved reference 'attributes'.
e: file:///home/runner/work/cuoldstram/cuoldstram/src/CanliTV/src/main/kotlin/com/keyiflerolsun/CanliTV.kt:61:13 Unresolved reference 'newLiveSearchResponse'.
e: file:///home/runner/work/cuoldstram/cuoldstram/src/CanliTV/src/main/kotlin/com/keyiflerolsun/CanliTV.kt:63:17 Class 'com.lagradost.cloudstream3.utils.AppUtils' was compiled with an incompatible version of Kotlin. The actual metadata version is 2.4.0, but the compiler version 2.1.0 can read versions up to 2.2.0.
The class is loaded from /home/runner/.gradle/caches/8.12/transforms/68bebdc5262e86f52108e6397eb2b3a9/transformed/jetified-cloudstream.jar!/com/lagradost/cloudstream3/utils/AppUtils.class
e: file:///home/runner/work/cuoldstram/cuoldstram/src/CanliTV/src/main/kotlin/com/keyiflerolsun/CanliTV.kt:64:24 Class 'com.lagradost.cloudstream3.TvType' was compiled with an incompatible version of Kotlin. The actual metadata version is 2.4.0, but the compiler version 2.1.0 can read versions up to 2.2.0.
The class is loaded from /home/runner/.gradle/caches/8.12/transforms/68bebdc5262e86f52108e6397eb2b3a9/transformed/jetified-cloudstream.jar!/com/lagradost/cloudstream3/TvType.class
e: file:///home/runner/work/cuoldstram/cuoldstram/src/CanliTV/src/main/kotlin/com/keyiflerolsun/CanliTV.kt:66:22 Unresolved reference 'posterUrl'.
e: file:///home/runner/work/cuoldstram/cuoldstram/src/CanliTV/src/main/kotlin/com/keyiflerolsun/CanliTV.kt:73:59 Class 'com.lagradost.cloudstream3.SearchResponse' was compiled with an incompatible version of Kotlin. The actual metadata version is 2.4.0, but the compiler version 2.1.0 can read versions up to 2.2.0.
The class is loaded from /home/runner/.gradle/caches/8.12/transforms/68bebdc5262e86f52108e6397eb2b3a9/transformed/jetified-cloudstream.jar!/com/lagradost/cloudstream3/SearchResponse.class
e: file:///home/runner/work/cuoldstram/cuoldstram/src/CanliTV/src/main/kotlin/com/keyiflerolsun/CanliTV.kt:75:45 Class 'com.lagradost.cloudstream3.LoadResponse' was compiled with an incompatible version of Kotlin. The actual metadata version is 2.4.0, but the compiler version 2.1.0 can read versions up to 2.2.0.
The class is loaded from /home/runner/.gradle/caches/8.12/transforms/68bebdc5262e86f52108e6397eb2b3a9/transformed/jetified-cloudstream.jar!/com/lagradost/cloudstream3/LoadResponse.class
e: file:///home/runner/work/cuoldstram/cuoldstram/src/CanliTV/src/main/kotlin/com/keyiflerolsun/CanliTV.kt:83:65 Unresolved reference 'get'.
e: file:///home/runner/work/cuoldstram/cuoldstram/src/CanliTV/src/main/kotlin/com/keyiflerolsun/CanliTV.kt:84:45 Class 'com.lagradost.cloudstream3.LiveSearchResponse' was compiled with an incompatible version of Kotlin. The actual metadata version is 2.4.0, but the compiler version 2.1.0 can read versions up to 2.2.0.
The class is loaded from /home/runner/.gradle/caches/8.12/transforms/68bebdc5262e86f52108e6397eb2b3a9/transformed/jetified-cloudstream.jar!/com/lagradost/cloudstream3/LiveSearchResponse.class
e: file:///home/runner/work/cuoldstram/cuoldstram/src/CanliTV/src/main/kotlin/com/keyiflerolsun/CanliTV.kt:86:32 Method 'iterator()' is ambiguous for this expression. Applicable candidates:
fun <T> Enumeration<T>.iterator(): Iterator<T>
fun <T> Iterator<T>.iterator(): Iterator<T>
fun <K, V> Map<out K, V>.iterator(): Iterator<Map.Entry<K, V>>
fun <K, V> MutableMap<K, V>.iterator(): MutableIterator<MutableMap.MutableEntry<K, V>>
fun CharSequence.iterator(): CharIterator
fun BufferedInputStream.iterator(): ByteIterator
e: file:///home/runner/work/cuoldstram/cuoldstram/src/CanliTV/src/main/kotlin/com/keyiflerolsun/CanliTV.kt:86:32 Unresolved reference 'items'.
e: file:///home/runner/work/cuoldstram/cuoldstram/src/CanliTV/src/main/kotlin/com/keyiflerolsun/CanliTV.kt:96:17 Class 'com.lagradost.cloudstream3.LiveSearchResponse' was compiled with an incompatible version of Kotlin. The actual metadata version is 2.4.0, but the compiler version 2.1.0 can read versions up to 2.2.0.
The class is loaded from /home/runner/.gradle/caches/8.12/transforms/68bebdc5262e86f52108e6397eb2b3a9/transformed/jetified-cloudstream.jar!/com/lagradost/cloudstream3/LiveSearchResponse.class
e: file:///home/runner/work/cuoldstram/cuoldstram/src/CanliTV/src/main/kotlin/com/keyiflerolsun/CanliTV.kt:96:37 Unresolved reference 'newLiveSearchResponse'.
e: file:///home/runner/work/cuoldstram/cuoldstram/src/CanliTV/src/main/kotlin/com/keyiflerolsun/CanliTV.kt:98:21 Class 'com.lagradost.cloudstream3.utils.AppUtils' was compiled with an incompatible version of Kotlin. The actual metadata version is 2.4.0, but the compiler version 2.1.0 can read versions up to 2.2.0.
The class is loaded from /home/runner/.gradle/caches/8.12/transforms/68bebdc5262e86f52108e6397eb2b3a9/transformed/jetified-cloudstream.jar!/com/lagradost/cloudstream3/utils/AppUtils.class
e: file:///home/runner/work/cuoldstram/cuoldstram/src/CanliTV/src/main/kotlin/com/keyiflerolsun/CanliTV.kt:99:28 Class 'com.lagradost.cloudstream3.TvType' was compiled with an incompatible version of Kotlin. The actual metadata version is 2.4.0, but the compiler version 2.1.0 can read versions up to 2.2.0.
The class is loaded from /home/runner/.gradle/caches/8.12/transforms/68bebdc5262e86f52108e6397eb2b3a9/transformed/jetified-cloudstream.jar!/com/lagradost/cloudstream3/TvType.class
e: file:///home/runner/work/cuoldstram/cuoldstram/src/CanliTV/src/main/kotlin/com/keyiflerolsun/CanliTV.kt:101:26 Unresolved reference 'posterUrl'.
e: file:///home/runner/work/cuoldstram/cuoldstram/src/CanliTV/src/main/kotlin/com/keyiflerolsun/CanliTV.kt:108:16 Unresolved reference 'newLiveStreamLoadResponse'.
e: file:///home/runner/work/cuoldstram/cuoldstram/src/CanliTV/src/main/kotlin/com/keyiflerolsun/CanliTV.kt:109:18 Unresolved reference 'posterUrl'.
e: file:///home/runner/work/cuoldstram/cuoldstram/src/CanliTV/src/main/kotlin/com/keyiflerolsun/CanliTV.kt:110:18 Unresolved reference 'plot'.
e: file:///home/runner/work/cuoldstram/cuoldstram/src/CanliTV/src/main/kotlin/com/keyiflerolsun/CanliTV.kt:111:18 Unresolved reference 'tags'.
e: file:///home/runner/work/cuoldstram/cuoldstram/src/CanliTV/src/main/kotlin/com/keyiflerolsun/CanliTV.kt:112:18 Unresolved reference 'recommendations'.
e: file:///home/runner/work/cuoldstram/cuoldstram/src/CanliTV/src/main/kotlin/com/keyiflerolsun/CanliTV.kt:116:89 Class 'com.lagradost.cloudstream3.SubtitleFile' was compiled with an incompatible version of Kotlin. The actual metadata version is 2.4.0, but the compiler version 2.1.0 can read versions up to 2.2.0.
The class is loaded from /home/runner/.gradle/caches/8.12/transforms/68bebdc5262e86f52108e6397eb2b3a9/transformed/jetified-cloudstream.jar!/com/lagradost/cloudstream3/SubtitleFile.class
e: file:///home/runner/work/cuoldstram/cuoldstram/src/CanliTV/src/main/kotlin/com/keyiflerolsun/CanliTV.kt:116:123 Class 'com.lagradost.cloudstream3.utils.ExtractorLink' was compiled with an incompatible version of Kotlin. The actual metadata version is 2.4.0, but the compiler version 2.1.0 can read versions up to 2.2.0.
The class is loaded from /home/runner/.gradle/caches/8.12/transforms/68bebdc5262e86f52108e6397eb2b3a9/transformed/jetified-cloudstream.jar!/com/lagradost/cloudstream3/utils/ExtractorLink.class
e: file:///home/runner/work/cuoldstram/cuoldstram/src/CanliTV/src/main/kotlin/com/keyiflerolsun/CanliTV.kt:120:58 Unresolved reference 'get'.
e: file:///home/runner/work/cuoldstram/cuoldstram/src/CanliTV/src/main/kotlin/com/keyiflerolsun/CanliTV.kt:121:33 Unresolved reference 'items'.
e: file:///home/runner/work/cuoldstram/cuoldstram/src/CanliTV/src/main/kotlin/com/keyiflerolsun/CanliTV.kt:121:47 Unresolved reference 'it'.
e: file:///home/runner/work/cuoldstram/cuoldstram/src/CanliTV/src/main/kotlin/com/keyiflerolsun/CanliTV.kt:124:9 Class 'com.lagradost.cloudstream3.utils.ExtractorLink' was compiled with an incompatible version of Kotlin. The actual metadata version is 2.4.0, but the compiler version 2.1.0 can read versions up to 2.2.0.
The class is loaded from /home/runner/.gradle/caches/8.12/transforms/68bebdc5262e86f52108e6397eb2b3a9/transformed/jetified-cloudstream.jar!/com/lagradost/cloudstream3/utils/ExtractorLink.class
e: file:///home/runner/work/cuoldstram/cuoldstram/src/CanliTV/src/main/kotlin/com/keyiflerolsun/CanliTV.kt:125:13 Unresolved reference 'newExtractorLink'.
e: file:///home/runner/work/cuoldstram/cuoldstram/src/CanliTV/src/main/kotlin/com/keyiflerolsun/CanliTV.kt:130:29 Class 'com.lagradost.cloudstream3.utils.ExtractorLinkType' was compiled with an incompatible version of Kotlin. The actual metadata version is 2.4.0, but the compiler version 2.1.0 can read versions up to 2.2.0.
The class is loaded from /home/runner/.gradle/caches/8.12/transforms/68bebdc5262e86f52108e6397eb2b3a9/transformed/jetified-cloudstream.jar!/com/lagradost/cloudstream3/utils/ExtractorLinkType.class
e: file:///home/runner/work/cuoldstram/cuoldstram/src/CanliTV/src/main/kotlin/com/keyiflerolsun/CanliTV.kt:132:27 Unresolved reference 'referer'.
e: file:///home/runner/work/cuoldstram/cuoldstram/src/CanliTV/src/main/kotlin/com/keyiflerolsun/CanliTV.kt:132:43 Unresolved reference 'headers'.
e: file:///home/runner/work/cuoldstram/cuoldstram/src/CanliTV/src/main/kotlin/com/keyiflerolsun/CanliTV.kt:133:27 Unresolved reference 'headers'.
e: file:///home/runner/work/cuoldstram/cuoldstram/src/CanliTV/src/main/kotlin/com/keyiflerolsun/CanliTV.kt:133:43 Unresolved reference 'headers'.
e: file:///home/runner/work/cuoldstram/cuoldstram/src/CanliTV/src/main/kotlin/com/keyiflerolsun/CanliTV.kt:134:22 Unresolved reference 'quality'.
e: file:///home/runner/work/cuoldstram/cuoldstram/src/CanliTV/src/main/kotlin/com/keyiflerolsun/CanliTV.kt:134:32 Class 'com.lagradost.cloudstream3.utils.Qualities' was compiled with an incompatible version of Kotlin. The actual metadata version is 2.4.0, but the compiler version 2.1.0 can read versions up to 2.2.0.
The class is loaded from /home/runner/.gradle/caches/8.12/transforms/68bebdc5262e86f52108e6397eb2b3a9/transformed/jetified-cloudstream.jar!/com/lagradost/cloudstream3/utils/Qualities.class
e: file:///home/runner/work/cuoldstram/cuoldstram/src/CanliTV/src/main/kotlin/com/keyiflerolsun/CanliTV.kt:134:32 Class 'com.lagradost.cloudstream3.utils.Qualities' was compiled with an incompatible version of Kotlin. The actual metadata version is 2.4.0, but the compiler version 2.1.0 can read versions up to 2.2.0.
The class is loaded from /home/runner/.gradle/caches/8.12/transforms/68bebdc5262e86f52108e6397eb2b3a9/transformed/jetified-cloudstream.jar!/com/lagradost/cloudstream3/utils/Qualities.class
e: file:///home/runner/work/cuoldstram/cuoldstram/src/CanliTV/src/main/kotlin/com/keyiflerolsun/CanliTV.kt:145:20 Cannot inline bytecode built with JVM target 11 into bytecode that is being built with JVM target 1.8. Please specify proper '-jvm-target' option.
e: file:///home/runner/work/cuoldstram/cuoldstram/src/CanliTV/src/main/kotlin/com/keyiflerolsun/CanliTV.kt:145:20 Class 'com.lagradost.cloudstream3.utils.AppUtils' was compiled with an incompatible version of Kotlin. The actual metadata version is 2.4.0, but the compiler version 2.1.0 can read versions up to 2.2.0.
The class is loaded from /home/runner/.gradle/caches/8.12/transforms/68bebdc5262e86f52108e6397eb2b3a9/transformed/jetified-cloudstream.jar!/com/lagradost/cloudstream3/utils/AppUtils.class
e: file:///home/runner/work/cuoldstram/cuoldstram/src/CanliTV/src/main/kotlin/com/keyiflerolsun/CanliTV.kt:147:62 Unresolved reference 'get'.
e: file:///home/runner/work/cuoldstram/cuoldstram/src/CanliTV/src/main/kotlin/com/keyiflerolsun/CanliTV.kt:148:37 Unresolved reference 'items'.
e: file:///home/runner/work/cuoldstram/cuoldstram/src/CanliTV/src/main/kotlin/com/keyiflerolsun/CanliTV.kt:148:51 Unresolved reference 'it'.
e: file:///home/runner/work/cuoldstram/cuoldstram/src/CanliTV/src/main/kotlin/com/keyiflerolsun/CanliTV.kt:150:37 Unresolved reference 'url'.
e: file:///home/runner/work/cuoldstram/cuoldstram/src/CanliTV/src/main/kotlin/com/keyiflerolsun/CanliTV.kt:151:37 Unresolved reference 'title'.
e: file:///home/runner/work/cuoldstram/cuoldstram/src/CanliTV/src/main/kotlin/com/keyiflerolsun/CanliTV.kt:152:37 Unresolved reference 'attributes'.
e: file:///home/runner/work/cuoldstram/cuoldstram/src/CanliTV/src/main/kotlin/com/keyiflerolsun/CanliTV.kt:153:37 Unresolved reference 'attributes'.
e: file:///home/runner/work/cuoldstram/cuoldstram/src/CanliTV/src/main/kotlin/com/keyiflerolsun/CanliTV.kt:154:37 Unresolved reference 'attributes'.
e: file:///home/runner/work/cuoldstram/cuoldstram/src/CanliTV/src/main/kotlin/com/keyiflerolsun/CanliTVPlugin.kt:7:2 Class 'com.lagradost.cloudstream3.plugins.CloudstreamPlugin' was compiled with an incompatible version of Kotlin. The actual metadata version is 2.4.0, but the compiler version 2.1.0 can read versions up to 2.2.0.
The class is loaded from /home/runner/.gradle/caches/8.12/transforms/68bebdc5262e86f52108e6397eb2b3a9/transformed/jetified-cloudstream.jar!/com/lagradost/cloudstream3/plugins/CloudstreamPlugin.class
e: file:///home/runner/work/cuoldstram/cuoldstram/src/CanliTV/src/main/kotlin/com/keyiflerolsun/CanliTVPlugin.kt:8:22 Class 'com.lagradost.cloudstream3.plugins.Plugin' was compiled with an incompatible version of Kotlin. The actual metadata version is 2.4.0, but the compiler version 2.1.0 can read versions up to 2.2.0.
The class is loaded from /home/runner/.gradle/caches/8.12/transforms/68bebdc5262e86f52108e6397eb2b3a9/transformed/jetified-cloudstream.jar!/com/lagradost/cloudstream3/plugins/Plugin.class
e: file:///home/runner/work/cuoldstram/cuoldstram/src/CanliTV/src/main/kotlin/com/keyiflerolsun/CanliTVPlugin.kt:10:9 Class 'com.lagradost.cloudstream3.MainAPI' was compiled with an incompatible version of Kotlin. The actual metadata version is 2.4.0, but the compiler version 2.1.0 can read versions up to 2.2.0.
The class is loaded from /home/runner/.gradle/caches/8.12/transforms/68bebdc5262e86f52108e6397eb2b3a9/transformed/jetified-cloudstream.jar!/com/lagradost/cloudstream3/MainAPI.class
e: file:///home/runner/work/cuoldstram/cuoldstram/src/CanliTV/src/main/kotlin/com/keyiflerolsun/CanliTVPlugin.kt:10:9 Class 'com.lagradost.cloudstream3.plugins.BasePlugin' was compiled with an incompatible version of Kotlin. The actual metadata version is 2.4.0, but the compiler version 2.1.0 can read versions up to 2.2.0.
The class is loaded from /home/runner/.gradle/caches/8.12/transforms/68bebdc5262e86f52108e6397eb2b3a9/transformed/jetified-cloudstream.jar!/com/lagradost/cloudstream3/plugins/BasePlugin.class

> Task :HDFilmCehennemi:compileDebugKotlin
e: Incompatible classes were found in dependencies. Remove them from the classpath or use '-Xskip-metadata-version-check' to suppress errors
e: file:///home/runner/.gradle/caches/8.12/transforms/68bebdc5262e86f52108e6397eb2b3a9/transformed/jetified-cloudstream.jar!/META-INF/CloudStream_library.kotlin_module Module was compiled with an incompatible version of Kotlin. The binary version of its metadata is 2.4.0, expected version is 2.1.0.
e: file:///home/runner/.gradle/caches/8.12/transforms/68bebdc5262e86f52108e6397eb2b3a9/transformed/jetified-cloudstream.jar!/META-INF/app.kotlin_module Module was compiled with an incompatible version of Kotlin. The binary version of its metadata is 2.4.0, expected version is 2.1.0.
e: file:///home/runner/work/cuoldstram/cuoldstram/src/HDFilmCehennemi/src/main/kotlin/com/keyiflerolsun/HDFilmCehennemi.kt:21:35 Unresolved reference 'app'.
e: file:///home/runner/work/cuoldstram/cuoldstram/src/HDFilmCehennemi/src/main/kotlin/com/keyiflerolsun/HDFilmCehennemi.kt:22:35 Unresolved reference 'base64Decode'.
e: file:///home/runner/work/cuoldstram/cuoldstram/src/HDFilmCehennemi/src/main/kotlin/com/keyiflerolsun/HDFilmCehennemi.kt:23:35 Unresolved reference 'fixUrl'.
e: file:///home/runner/work/cuoldstram/cuoldstram/src/HDFilmCehennemi/src/main/kotlin/com/keyiflerolsun/HDFilmCehennemi.kt:24:35 Unresolved reference 'fixUrlNull'.
e: file:///home/runner/work/cuoldstram/cuoldstram/src/HDFilmCehennemi/src/main/kotlin/com/keyiflerolsun/HDFilmCehennemi.kt:25:41 Unresolved reference 'httpsify'.
e: file:///home/runner/work/cuoldstram/cuoldstram/src/HDFilmCehennemi/src/main/kotlin/com/keyiflerolsun/HDFilmCehennemi.kt:26:35 Unresolved reference 'mainPageOf'.
e: file:///home/runner/work/cuoldstram/cuoldstram/src/HDFilmCehennemi/src/main/kotlin/com/keyiflerolsun/HDFilmCehennemi.kt:27:35 Unresolved reference 'newEpisode'.
e: file:///home/runner/work/cuoldstram/cuoldstram/src/HDFilmCehennemi/src/main/kotlin/com/keyiflerolsun/HDFilmCehennemi.kt:28:35 Unresolved reference 'newHomePageResponse'.
e: file:///home/runner/work/cuoldstram/cuoldstram/src/HDFilmCehennemi/src/main/kotlin/com/keyiflerolsun/HDFilmCehennemi.kt:29:35 Unresolved reference 'newMovieLoadResponse'.
e: file:///home/runner/work/cuoldstram/cuoldstram/src/HDFilmCehennemi/src/main/kotlin/com/keyiflerolsun/HDFilmCehennemi.kt:30:35 Unresolved reference 'newMovieSearchResponse'.
e: file:///home/runner/work/cuoldstram/cuoldstram/src/HDFilmCehennemi/src/main/kotlin/com/keyiflerolsun/HDFilmCehennemi.kt:31:35 Unresolved reference 'newTvSeriesLoadResponse'.
e: file:///home/runner/work/cuoldstram/cuoldstram/src/HDFilmCehennemi/src/main/kotlin/com/keyiflerolsun/HDFilmCehennemi.kt:32:35 Unresolved reference 'newTvSeriesSearchResponse'.
e: file:///home/runner/work/cuoldstram/cuoldstram/src/HDFilmCehennemi/src/main/kotlin/com/keyiflerolsun/HDFilmCehennemi.kt:37:41 Unresolved reference 'getAndUnpack'.
e: file:///home/runner/work/cuoldstram/cuoldstram/src/HDFilmCehennemi/src/main/kotlin/com/keyiflerolsun/HDFilmCehennemi.kt:38:41 Unresolved reference 'newExtractorLink'.
e: file:///home/runner/work/cuoldstram/cuoldstram/src/HDFilmCehennemi/src/main/kotlin/com/keyiflerolsun/HDFilmCehennemi.kt:45:25 Class 'com.lagradost.cloudstream3.MainAPI' was compiled with an incompatible version of Kotlin. The actual metadata version is 2.4.0, but the compiler version 2.1.0 can read versions up to 2.2.0.
The class is loaded from /home/runner/.gradle/caches/8.12/transforms/68bebdc5262e86f52108e6397eb2b3a9/transformed/jetified-cloudstream.jar!/com/lagradost/cloudstream3/MainAPI.class
e: file:///home/runner/work/cuoldstram/cuoldstram/src/HDFilmCehennemi/src/main/kotlin/com/keyiflerolsun/HDFilmCehennemi.kt:51:41 Class 'com.lagradost.cloudstream3.TvType' was compiled with an incompatible version of Kotlin. The actual metadata version is 2.4.0, but the compiler version 2.1.0 can read versions up to 2.2.0.
The class is loaded from /home/runner/.gradle/caches/8.12/transforms/68bebdc5262e86f52108e6397eb2b3a9/transformed/jetified-cloudstream.jar!/com/lagradost/cloudstream3/TvType.class
e: file:///home/runner/work/cuoldstram/cuoldstram/src/HDFilmCehennemi/src/main/kotlin/com/keyiflerolsun/HDFilmCehennemi.kt:51:47 Class 'com.lagradost.cloudstream3.TvType' was compiled with an incompatible version of Kotlin. The actual metadata version is 2.4.0, but the compiler version 2.1.0 can read versions up to 2.2.0.
The class is loaded from /home/runner/.gradle/caches/8.12/transforms/68bebdc5262e86f52108e6397eb2b3a9/transformed/jetified-cloudstream.jar!/com/lagradost/cloudstream3/TvType.class
e: file:///home/runner/work/cuoldstram/cuoldstram/src/HDFilmCehennemi/src/main/kotlin/com/keyiflerolsun/HDFilmCehennemi.kt:51:61 Class 'com.lagradost.cloudstream3.TvType' was compiled with an incompatible version of Kotlin. The actual metadata version is 2.4.0, but the compiler version 2.1.0 can read versions up to 2.2.0.
The class is loaded from /home/runner/.gradle/caches/8.12/transforms/68bebdc5262e86f52108e6397eb2b3a9/transformed/jetified-cloudstream.jar!/com/lagradost/cloudstream3/TvType.class
e: file:///home/runner/work/cuoldstram/cuoldstram/src/HDFilmCehennemi/src/main/kotlin/com/keyiflerolsun/HDFilmCehennemi.kt:58:37 Class 'com.lagradost.cloudstream3.network.CloudflareKiller' was compiled with an incompatible version of Kotlin. The actual metadata version is 2.4.0, but the compiler version 2.1.0 can read versions up to 2.2.0.
The class is loaded from /home/runner/.gradle/caches/8.12/transforms/68bebdc5262e86f52108e6397eb2b3a9/transformed/jetified-cloudstream.jar!/com/lagradost/cloudstream3/network/CloudflareKiller.class
e: file:///home/runner/work/cuoldstram/cuoldstram/src/HDFilmCehennemi/src/main/kotlin/com/keyiflerolsun/HDFilmCehennemi.kt:58:37 Class 'com.lagradost.cloudstream3.network.CloudflareKiller' was compiled with an incompatible version of Kotlin. The actual metadata version is 2.4.0, but the compiler version 2.1.0 can read versions up to 2.2.0.
The class is loaded from /home/runner/.gradle/caches/8.12/transforms/68bebdc5262e86f52108e6397eb2b3a9/transformed/jetified-cloudstream.jar!/com/lagradost/cloudstream3/network/CloudflareKiller.class
e: file:///home/runner/work/cuoldstram/cuoldstram/src/HDFilmCehennemi/src/main/kotlin/com/keyiflerolsun/HDFilmCehennemi.kt:58:42 Class 'com.lagradost.cloudstream3.network.CloudflareKiller' was compiled with an incompatible version of Kotlin. The actual metadata version is 2.4.0, but the compiler version 2.1.0 can read versions up to 2.2.0.
The class is loaded from /home/runner/.gradle/caches/8.12/transforms/68bebdc5262e86f52108e6397eb2b3a9/transformed/jetified-cloudstream.jar!/com/lagradost/cloudstream3/network/CloudflareKiller.class
e: file:///home/runner/work/cuoldstram/cuoldstram/src/HDFilmCehennemi/src/main/kotlin/com/keyiflerolsun/HDFilmCehennemi.kt:58:44 Class 'com.lagradost.cloudstream3.network.CloudflareKiller' was compiled with an incompatible version of Kotlin. The actual metadata version is 2.4.0, but the compiler version 2.1.0 can read versions up to 2.2.0.
The class is loaded from /home/runner/.gradle/caches/8.12/transforms/68bebdc5262e86f52108e6397eb2b3a9/transformed/jetified-cloudstream.jar!/com/lagradost/cloudstream3/network/CloudflareKiller.class
e: file:///home/runner/work/cuoldstram/cuoldstram/src/HDFilmCehennemi/src/main/kotlin/com/keyiflerolsun/HDFilmCehennemi.kt:59:44 Class 'com.lagradost.cloudstream3.network.CloudflareKiller' was compiled with an incompatible version of Kotlin. The actual metadata version is 2.4.0, but the compiler version 2.1.0 can read versions up to 2.2.0.
The class is loaded from /home/runner/.gradle/caches/8.12/transforms/68bebdc5262e86f52108e6397eb2b3a9/transformed/jetified-cloudstream.jar!/com/lagradost/cloudstream3/network/CloudflareKiller.class
e: file:///home/runner/work/cuoldstram/cuoldstram/src/HDFilmCehennemi/src/main/kotlin/com/keyiflerolsun/HDFilmCehennemi.kt:59:66 Class 'com.lagradost.cloudstream3.network.CloudflareKiller' was compiled with an incompatible version of Kotlin. The actual metadata version is 2.4.0, but the compiler version 2.1.0 can read versions up to 2.2.0.
The class is loaded from /home/runner/.gradle/caches/8.12/transforms/68bebdc5262e86f52108e6397eb2b3a9/transformed/jetified-cloudstream.jar!/com/lagradost/cloudstream3/network/CloudflareKiller.class
e: file:///home/runner/work/cuoldstram/cuoldstram/src/HDFilmCehennemi/src/main/kotlin/com/keyiflerolsun/HDFilmCehennemi.kt:61:33 Class 'com.lagradost.cloudstream3.network.CloudflareKiller' was compiled with an incompatible version of Kotlin. The actual metadata version is 2.4.0, but the compiler version 2.1.0 can read versions up to 2.2.0.
The class is loaded from /home/runner/.gradle/caches/8.12/transforms/68bebdc5262e86f52108e6397eb2b3a9/transformed/jetified-cloudstream.jar!/com/lagradost/cloudstream3/network/CloudflareKiller.class
e: file:///home/runner/work/cuoldstram/cuoldstram/src/HDFilmCehennemi/src/main/kotlin/com/keyiflerolsun/HDFilmCehennemi.kt:61:63 Class 'com.lagradost.cloudstream3.network.CloudflareKiller' was compiled with an incompatible version of Kotlin. The actual metadata version is 2.4.0, but the compiler version 2.1.0 can read versions up to 2.2.0.
The class is loaded from /home/runner/.gradle/caches/8.12/transforms/68bebdc5262e86f52108e6397eb2b3a9/transformed/jetified-cloudstream.jar!/com/lagradost/cloudstream3/network/CloudflareKiller.class
e: file:///home/runner/work/cuoldstram/cuoldstram/src/HDFilmCehennemi/src/main/kotlin/com/keyiflerolsun/HDFilmCehennemi.kt:68:24 Class 'com.lagradost.cloudstream3.network.CloudflareKiller' was compiled with an incompatible version of Kotlin. The actual metadata version is 2.4.0, but the compiler version 2.1.0 can read versions up to 2.2.0.
The class is loaded from /home/runner/.gradle/caches/8.12/transforms/68bebdc5262e86f52108e6397eb2b3a9/transformed/jetified-cloudstream.jar!/com/lagradost/cloudstream3/network/CloudflareKiller.class
e: file:///home/runner/work/cuoldstram/cuoldstram/src/HDFilmCehennemi/src/main/kotlin/com/keyiflerolsun/HDFilmCehennemi.kt:68:24 Class 'com.lagradost.cloudstream3.network.CloudflareKiller' was compiled with an incompatible version of Kotlin. The actual metadata version is 2.4.0, but the compiler version 2.1.0 can read versions up to 2.2.0.
The class is loaded from /home/runner/.gradle/caches/8.12/transforms/68bebdc5262e86f52108e6397eb2b3a9/transformed/jetified-cloudstream.jar!/com/lagradost/cloudstream3/network/CloudflareKiller.class
e: file:///home/runner/work/cuoldstram/cuoldstram/src/HDFilmCehennemi/src/main/kotlin/com/keyiflerolsun/HDFilmCehennemi.kt:75:29 Unresolved reference 'mainPageOf'.
e: file:///home/runner/work/cuoldstram/cuoldstram/src/HDFilmCehennemi/src/main/kotlin/com/keyiflerolsun/HDFilmCehennemi.kt:93:58 Class 'com.lagradost.cloudstream3.MainPageRequest' was compiled with an incompatible version of Kotlin. The actual metadata version is 2.4.0, but the compiler version 2.1.0 can read versions up to 2.2.0.
The class is loaded from /home/runner/.gradle/caches/8.12/transforms/68bebdc5262e86f52108e6397eb2b3a9/transformed/jetified-cloudstream.jar!/com/lagradost/cloudstream3/MainPageRequest.class
e: file:///home/runner/work/cuoldstram/cuoldstram/src/HDFilmCehennemi/src/main/kotlin/com/keyiflerolsun/HDFilmCehennemi.kt:93:76 Class 'com.lagradost.cloudstream3.HomePageResponse' was compiled with an incompatible version of Kotlin. The actual metadata version is 2.4.0, but the compiler version 2.1.0 can read versions up to 2.2.0.
The class is loaded from /home/runner/.gradle/caches/8.12/transforms/68bebdc5262e86f52108e6397eb2b3a9/transformed/jetified-cloudstream.jar!/com/lagradost/cloudstream3/HomePageResponse.class
e: file:///home/runner/work/cuoldstram/cuoldstram/src/HDFilmCehennemi/src/main/kotlin/com/keyiflerolsun/HDFilmCehennemi.kt:96:19 Class 'com.lagradost.cloudstream3.MainPageRequest' was compiled with an incompatible version of Kotlin. The actual metadata version is 2.4.0, but the compiler version 2.1.0 can read versions up to 2.2.0.
The class is loaded from /home/runner/.gradle/caches/8.12/transforms/68bebdc5262e86f52108e6397eb2b3a9/transformed/jetified-cloudstream.jar!/com/lagradost/cloudstream3/MainPageRequest.class
e: file:///home/runner/work/cuoldstram/cuoldstram/src/HDFilmCehennemi/src/main/kotlin/com/keyiflerolsun/HDFilmCehennemi.kt:96:19 Class 'com.lagradost.cloudstream3.MainPageRequest' was compiled with an incompatible version of Kotlin. The actual metadata version is 2.4.0, but the compiler version 2.1.0 can read versions up to 2.2.0.
The class is loaded from /home/runner/.gradle/caches/8.12/transforms/68bebdc5262e86f52108e6397eb2b3a9/transformed/jetified-cloudstream.jar!/com/lagradost/cloudstream3/MainPageRequest.class
e: file:///home/runner/work/cuoldstram/cuoldstram/src/HDFilmCehennemi/src/main/kotlin/com/keyiflerolsun/HDFilmCehennemi.kt:102:23 Unresolved reference 'get'.
e: file:///home/runner/work/cuoldstram/cuoldstram/src/HDFilmCehennemi/src/main/kotlin/com/keyiflerolsun/HDFilmCehennemi.kt:103:24 Class 'com.lagradost.cloudstream3.SearchResponse' was compiled with an incompatible version of Kotlin. The actual metadata version is 2.4.0, but the compiler version 2.1.0 can read versions up to 2.2.0.
The class is loaded from /home/runner/.gradle/caches/8.12/transforms/68bebdc5262e86f52108e6397eb2b3a9/transformed/jetified-cloudstream.jar!/com/lagradost/cloudstream3/SearchResponse.class
e: file:///home/runner/work/cuoldstram/cuoldstram/src/HDFilmCehennemi/src/main/kotlin/com/keyiflerolsun/HDFilmCehennemi.kt:108:41 Class 'com.lagradost.cloudstream3.SearchResponse' was compiled with an incompatible version of Kotlin. The actual metadata version is 2.4.0, but the compiler version 2.1.0 can read versions up to 2.2.0.
The class is loaded from /home/runner/.gradle/caches/8.12/transforms/68bebdc5262e86f52108e6397eb2b3a9/transformed/jetified-cloudstream.jar!/com/lagradost/cloudstream3/SearchResponse.class
e: file:///home/runner/work/cuoldstram/cuoldstram/src/HDFilmCehennemi/src/main/kotlin/com/keyiflerolsun/HDFilmCehennemi.kt:108:52 Class 'com.lagradost.cloudstream3.SearchResponse' was compiled with an incompatible version of Kotlin. The actual metadata version is 2.4.0, but the compiler version 2.1.0 can read versions up to 2.2.0.
The class is loaded from /home/runner/.gradle/caches/8.12/transforms/68bebdc5262e86f52108e6397eb2b3a9/transformed/jetified-cloudstream.jar!/com/lagradost/cloudstream3/SearchResponse.class
e: file:///home/runner/work/cuoldstram/cuoldstram/src/HDFilmCehennemi/src/main/kotlin/com/keyiflerolsun/HDFilmCehennemi.kt:108:54 Class 'com.lagradost.cloudstream3.SearchResponse' was compiled with an incompatible version of Kotlin. The actual metadata version is 2.4.0, but the compiler version 2.1.0 can read versions up to 2.2.0.
The class is loaded from /home/runner/.gradle/caches/8.12/transforms/68bebdc5262e86f52108e6397eb2b3a9/transformed/jetified-cloudstream.jar!/com/lagradost/cloudstream3/SearchResponse.class
e: file:///home/runner/work/cuoldstram/cuoldstram/src/HDFilmCehennemi/src/main/kotlin/com/keyiflerolsun/HDFilmCehennemi.kt:109:20 Unresolved reference 'newHomePageResponse'.
e: file:///home/runner/work/cuoldstram/cuoldstram/src/HDFilmCehennemi/src/main/kotlin/com/keyiflerolsun/HDFilmCehennemi.kt:109:40 Class 'com.lagradost.cloudstream3.MainPageRequest' was compiled with an incompatible version of Kotlin. The actual metadata version is 2.4.0, but the compiler version 2.1.0 can read versions up to 2.2.0.
The class is loaded from /home/runner/.gradle/caches/8.12/transforms/68bebdc5262e86f52108e6397eb2b3a9/transformed/jetified-cloudstream.jar!/com/lagradost/cloudstream3/MainPageRequest.class
e: file:///home/runner/work/cuoldstram/cuoldstram/src/HDFilmCehennemi/src/main/kotlin/com/keyiflerolsun/HDFilmCehennemi.kt:109:40 Class 'com.lagradost.cloudstream3.MainPageRequest' was compiled with an incompatible version of Kotlin. The actual metadata version is 2.4.0, but the compiler version 2.1.0 can read versions up to 2.2.0.
The class is loaded from /home/runner/.gradle/caches/8.12/transforms/68bebdc5262e86f52108e6397eb2b3a9/transformed/jetified-cloudstream.jar!/com/lagradost/cloudstream3/MainPageRequest.class
e: file:///home/runner/work/cuoldstram/cuoldstram/src/HDFilmCehennemi/src/main/kotlin/com/keyiflerolsun/HDFilmCehennemi.kt:111:16 Unresolved reference 'newHomePageResponse'.
e: file:///home/runner/work/cuoldstram/cuoldstram/src/HDFilmCehennemi/src/main/kotlin/com/keyiflerolsun/HDFilmCehennemi.kt:111:36 Class 'com.lagradost.cloudstream3.MainPageRequest' was compiled with an incompatible version of Kotlin. The actual metadata version is 2.4.0, but the compiler version 2.1.0 can read versions up to 2.2.0.
The class is loaded from /home/runner/.gradle/caches/8.12/transforms/68bebdc5262e86f52108e6397eb2b3a9/transformed/jetified-cloudstream.jar!/com/lagradost/cloudstream3/MainPageRequest.class
e: file:///home/runner/work/cuoldstram/cuoldstram/src/HDFilmCehennemi/src/main/kotlin/com/keyiflerolsun/HDFilmCehennemi.kt:111:36 Class 'com.lagradost.cloudstream3.MainPageRequest' was compiled with an incompatible version of Kotlin. The actual metadata version is 2.4.0, but the compiler version 2.1.0 can read versions up to 2.2.0.
The class is loaded from /home/runner/.gradle/caches/8.12/transforms/68bebdc5262e86f52108e6397eb2b3a9/transformed/jetified-cloudstream.jar!/com/lagradost/cloudstream3/MainPageRequest.class
e: file:///home/runner/work/cuoldstram/cuoldstram/src/HDFilmCehennemi/src/main/kotlin/com/keyiflerolsun/HDFilmCehennemi.kt:111:50 Cannot infer type for this parameter. Please specify it explicitly.
e: file:///home/runner/work/cuoldstram/cuoldstram/src/HDFilmCehennemi/src/main/kotlin/com/keyiflerolsun/HDFilmCehennemi.kt:114:43 Class 'com.lagradost.cloudstream3.SearchResponse' was compiled with an incompatible version of Kotlin. The actual metadata version is 2.4.0, but the compiler version 2.1.0 can read versions up to 2.2.0.
The class is loaded from /home/runner/.gradle/caches/8.12/transforms/68bebdc5262e86f52108e6397eb2b3a9/transformed/jetified-cloudstream.jar!/com/lagradost/cloudstream3/SearchResponse.class
e: file:///home/runner/work/cuoldstram/cuoldstram/src/HDFilmCehennemi/src/main/kotlin/com/keyiflerolsun/HDFilmCehennemi.kt:116:20 Unresolved reference 'fixUrlNull'.
e: file:///home/runner/work/cuoldstram/cuoldstram/src/HDFilmCehennemi/src/main/kotlin/com/keyiflerolsun/HDFilmCehennemi.kt:117:25 Unresolved reference 'fixUrlNull'.
e: file:///home/runner/work/cuoldstram/cuoldstram/src/HDFilmCehennemi/src/main/kotlin/com/keyiflerolsun/HDFilmCehennemi.kt:119:16 Unresolved reference 'newMovieSearchResponse'.
e: file:///home/runner/work/cuoldstram/cuoldstram/src/HDFilmCehennemi/src/main/kotlin/com/keyiflerolsun/HDFilmCehennemi.kt:119:52 Class 'com.lagradost.cloudstream3.TvType' was compiled with an incompatible version of Kotlin. The actual metadata version is 2.4.0, but the compiler version 2.1.0 can read versions up to 2.2.0.
The class is loaded from /home/runner/.gradle/caches/8.12/transforms/68bebdc5262e86f52108e6397eb2b3a9/transformed/jetified-cloudstream.jar!/com/lagradost/cloudstream3/TvType.class
e: file:///home/runner/work/cuoldstram/cuoldstram/src/HDFilmCehennemi/src/main/kotlin/com/keyiflerolsun/HDFilmCehennemi.kt:119:73 Unresolved reference 'posterUrl'.
e: file:///home/runner/work/cuoldstram/cuoldstram/src/HDFilmCehennemi/src/main/kotlin/com/keyiflerolsun/HDFilmCehennemi.kt:122:59 Class 'com.lagradost.cloudstream3.SearchResponse' was compiled with an incompatible version of Kotlin. The actual metadata version is 2.4.0, but the compiler version 2.1.0 can read versions up to 2.2.0.
The class is loaded from /home/runner/.gradle/caches/8.12/transforms/68bebdc5262e86f52108e6397eb2b3a9/transformed/jetified-cloudstream.jar!/com/lagradost/cloudstream3/SearchResponse.class
e: file:///home/runner/work/cuoldstram/cuoldstram/src/HDFilmCehennemi/src/main/kotlin/com/keyiflerolsun/HDFilmCehennemi.kt:124:54 Class 'com.lagradost.cloudstream3.SearchResponse' was compiled with an incompatible version of Kotlin. The actual metadata version is 2.4.0, but the compiler version 2.1.0 can read versions up to 2.2.0.
The class is loaded from /home/runner/.gradle/caches/8.12/transforms/68bebdc5262e86f52108e6397eb2b3a9/transformed/jetified-cloudstream.jar!/com/lagradost/cloudstream3/SearchResponse.class
e: file:///home/runner/work/cuoldstram/cuoldstram/src/HDFilmCehennemi/src/main/kotlin/com/keyiflerolsun/HDFilmCehennemi.kt:125:33 Unresolved reference 'get'.
e: file:///home/runner/work/cuoldstram/cuoldstram/src/HDFilmCehennemi/src/main/kotlin/com/keyiflerolsun/HDFilmCehennemi.kt:128:43 Class 'com.lagradost.cloudstream3.SearchResponse' was compiled with an incompatible version of Kotlin. The actual metadata version is 2.4.0, but the compiler version 2.1.0 can read versions up to 2.2.0.
The class is loaded from /home/runner/.gradle/caches/8.12/transforms/68bebdc5262e86f52108e6397eb2b3a9/transformed/jetified-cloudstream.jar!/com/lagradost/cloudstream3/SearchResponse.class
e: file:///home/runner/work/cuoldstram/cuoldstram/src/HDFilmCehennemi/src/main/kotlin/com/keyiflerolsun/HDFilmCehennemi.kt:129:43 Class 'com.lagradost.cloudstream3.SearchResponse' was compiled with an incompatible version of Kotlin. The actual metadata version is 2.4.0, but the compiler version 2.1.0 can read versions up to 2.2.0.
The class is loaded from /home/runner/.gradle/caches/8.12/transforms/68bebdc5262e86f52108e6397eb2b3a9/transformed/jetified-cloudstream.jar!/com/lagradost/cloudstream3/SearchResponse.class
e: file:///home/runner/work/cuoldstram/cuoldstram/src/HDFilmCehennemi/src/main/kotlin/com/keyiflerolsun/HDFilmCehennemi.kt:131:36 Cannot infer type for this parameter. Please specify it explicitly.
e: file:///home/runner/work/cuoldstram/cuoldstram/src/HDFilmCehennemi/src/main/kotlin/com/keyiflerolsun/HDFilmCehennemi.kt:134:38 Unresolved reference 'selectFirst'.
e: file:///home/runner/work/cuoldstram/cuoldstram/src/HDFilmCehennemi/src/main/kotlin/com/keyiflerolsun/HDFilmCehennemi.kt:134:73 Return type mismatch: expected 'ERROR CLASS: Cannot infer type variable TypeVariable(_L)', actual 'kotlin.Unit'.
e: file:///home/runner/work/cuoldstram/cuoldstram/src/HDFilmCehennemi/src/main/kotlin/com/keyiflerolsun/HDFilmCehennemi.kt:135:29 Unresolved reference 'fixUrlNull'.
e: file:///home/runner/work/cuoldstram/cuoldstram/src/HDFilmCehennemi/src/main/kotlin/com/keyiflerolsun/HDFilmCehennemi.kt:135:49 Unresolved reference 'selectFirst'.
e: file:///home/runner/work/cuoldstram/cuoldstram/src/HDFilmCehennemi/src/main/kotlin/com/keyiflerolsun/HDFilmCehennemi.kt:135:84 Return type mismatch: expected 'ERROR CLASS: Cannot infer type variable TypeVariable(_L)', actual 'kotlin.Unit'.
e: file:///home/runner/work/cuoldstram/cuoldstram/src/HDFilmCehennemi/src/main/kotlin/com/keyiflerolsun/HDFilmCehennemi.kt:136:29 Unresolved reference 'fixUrlNull'.
e: file:///home/runner/work/cuoldstram/cuoldstram/src/HDFilmCehennemi/src/main/kotlin/com/keyiflerolsun/HDFilmCehennemi.kt:136:49 Unresolved reference 'selectFirst'.
e: file:///home/runner/work/cuoldstram/cuoldstram/src/HDFilmCehennemi/src/main/kotlin/com/keyiflerolsun/HDFilmCehennemi.kt:136:85 Unresolved reference 'fixUrlNull'.
e: file:///home/runner/work/cuoldstram/cuoldstram/src/HDFilmCehennemi/src/main/kotlin/com/keyiflerolsun/HDFilmCehennemi.kt:136:105 Unresolved reference 'selectFirst'.
e: file:///home/runner/work/cuoldstram/cuoldstram/src/HDFilmCehennemi/src/main/kotlin/com/keyiflerolsun/HDFilmCehennemi.kt:138:13 Class 'com.lagradost.cloudstream3.SearchResponse' was compiled with an incompatible version of Kotlin. The actual metadata version is 2.4.0, but the compiler version 2.1.0 can read versions up to 2.2.0.
The class is loaded from /home/runner/.gradle/caches/8.12/transforms/68bebdc5262e86f52108e6397eb2b3a9/transformed/jetified-cloudstream.jar!/com/lagradost/cloudstream3/SearchResponse.class
e: file:///home/runner/work/cuoldstram/cuoldstram/src/HDFilmCehennemi/src/main/kotlin/com/keyiflerolsun/HDFilmCehennemi.kt:139:17 Unresolved reference 'newMovieSearchResponse'.
e: file:///home/runner/work/cuoldstram/cuoldstram/src/HDFilmCehennemi/src/main/kotlin/com/keyiflerolsun/HDFilmCehennemi.kt:139:53 Class 'com.lagradost.cloudstream3.TvType' was compiled with an incompatible version of Kotlin. The actual metadata version is 2.4.0, but the compiler version 2.1.0 can read versions up to 2.2.0.
The class is loaded from /home/runner/.gradle/caches/8.12/transforms/68bebdc5262e86f52108e6397eb2b3a9/transformed/jetified-cloudstream.jar!/com/lagradost/cloudstream3/TvType.class
e: file:///home/runner/work/cuoldstram/cuoldstram/src/HDFilmCehennemi/src/main/kotlin/com/keyiflerolsun/HDFilmCehennemi.kt:139:74 Unresolved reference 'posterUrl'.
e: file:///home/runner/work/cuoldstram/cuoldstram/src/HDFilmCehennemi/src/main/kotlin/com/keyiflerolsun/HDFilmCehennemi.kt:146:45 Class 'com.lagradost.cloudstream3.LoadResponse' was compiled with an incompatible version of Kotlin. The actual metadata version is 2.4.0, but the compiler version 2.1.0 can read versions up to 2.2.0.
The class is loaded from /home/runner/.gradle/caches/8.12/transforms/68bebdc5262e86f52108e6397eb2b3a9/transformed/jetified-cloudstream.jar!/com/lagradost/cloudstream3/LoadResponse.class
e: file:///home/runner/work/cuoldstram/cuoldstram/src/HDFilmCehennemi/src/main/kotlin/com/keyiflerolsun/HDFilmCehennemi.kt:147:28 Unresolved reference 'get'.
e: file:///home/runner/work/cuoldstram/cuoldstram/src/HDFilmCehennemi/src/main/kotlin/com/keyiflerolsun/HDFilmCehennemi.kt:150:27 Unresolved reference 'fixUrlNull'.
e: file:///home/runner/work/cuoldstram/cuoldstram/src/HDFilmCehennemi/src/main/kotlin/com/keyiflerolsun/HDFilmCehennemi.kt:150:107 Unresolved reference 'attr'.
e: file:///home/runner/work/cuoldstram/cuoldstram/src/HDFilmCehennemi/src/main/kotlin/com/keyiflerolsun/HDFilmCehennemi.kt:151:75 Unresolved reference 'it'.
e: file:///home/runner/work/cuoldstram/cuoldstram/src/HDFilmCehennemi/src/main/kotlin/com/keyiflerolsun/HDFilmCehennemi.kt:153:73 Class 'com.lagradost.cloudstream3.TvType' was compiled with an incompatible version of Kotlin. The actual metadata version is 2.4.0, but the compiler version 2.1.0 can read versions up to 2.2.0.
The class is loaded from /home/runner/.gradle/caches/8.12/transforms/68bebdc5262e86f52108e6397eb2b3a9/transformed/jetified-cloudstream.jar!/com/lagradost/cloudstream3/TvType.class
e: file:///home/runner/work/cuoldstram/cuoldstram/src/HDFilmCehennemi/src/main/kotlin/com/keyiflerolsun/HDFilmCehennemi.kt:153:91 Class 'com.lagradost.cloudstream3.TvType' was compiled with an incompatible version of Kotlin. The actual metadata version is 2.4.0, but the compiler version 2.1.0 can read versions up to 2.2.0.
The class is loaded from /home/runner/.gradle/caches/8.12/transforms/68bebdc5262e86f52108e6397eb2b3a9/transformed/jetified-cloudstream.jar!/com/lagradost/cloudstream3/TvType.class
e: file:///home/runner/work/cuoldstram/cuoldstram/src/HDFilmCehennemi/src/main/kotlin/com/keyiflerolsun/HDFilmCehennemi.kt:155:71 Class 'com.lagradost.cloudstream3.Actor' was compiled with an incompatible version of Kotlin. The actual metadata version is 2.4.0, but the compiler version 2.1.0 can read versions up to 2.2.0.
The class is loaded from /home/runner/.gradle/caches/8.12/transforms/68bebdc5262e86f52108e6397eb2b3a9/transformed/jetified-cloudstream.jar!/com/lagradost/cloudstream3/Actor.class
e: file:///home/runner/work/cuoldstram/cuoldstram/src/HDFilmCehennemi/src/main/kotlin/com/keyiflerolsun/HDFilmCehennemi.kt:156:13 Class 'com.lagradost.cloudstream3.Actor' was compiled with an incompatible version of Kotlin. The actual metadata version is 2.4.0, but the compiler version 2.1.0 can read versions up to 2.2.0.
The class is loaded from /home/runner/.gradle/caches/8.12/transforms/68bebdc5262e86f52108e6397eb2b3a9/transformed/jetified-cloudstream.jar!/com/lagradost/cloudstream3/Actor.class
e: file:///home/runner/work/cuoldstram/cuoldstram/src/HDFilmCehennemi/src/main/kotlin/com/keyiflerolsun/HDFilmCehennemi.kt:156:19 Unresolved reference 'it'.
e: file:///home/runner/work/cuoldstram/cuoldstram/src/HDFilmCehennemi/src/main/kotlin/com/keyiflerolsun/HDFilmCehennemi.kt:156:46 Unresolved reference 'text'.
e: file:///home/runner/work/cuoldstram/cuoldstram/src/HDFilmCehennemi/src/main/kotlin/com/keyiflerolsun/HDFilmCehennemi.kt:156:54 Unresolved reference 'it'.
e: file:///home/runner/work/cuoldstram/cuoldstram/src/HDFilmCehennemi/src/main/kotlin/com/keyiflerolsun/HDFilmCehennemi.kt:160:36 Unresolved reference 'it'.
e: file:///home/runner/work/cuoldstram/cuoldstram/src/HDFilmCehennemi/src/main/kotlin/com/keyiflerolsun/HDFilmCehennemi.kt:161:36 Unresolved reference 'fixUrlNull'.
e: file:///home/runner/work/cuoldstram/cuoldstram/src/HDFilmCehennemi/src/main/kotlin/com/keyiflerolsun/HDFilmCehennemi.kt:161:47 Unresolved reference 'it'.
e: file:///home/runner/work/cuoldstram/cuoldstram/src/HDFilmCehennemi/src/main/kotlin/com/keyiflerolsun/HDFilmCehennemi.kt:162:36 Unresolved reference 'fixUrlNull'.
e: file:///home/runner/work/cuoldstram/cuoldstram/src/HDFilmCehennemi/src/main/kotlin/com/keyiflerolsun/HDFilmCehennemi.kt:162:47 Unresolved reference 'it'.
e: file:///home/runner/work/cuoldstram/cuoldstram/src/HDFilmCehennemi/src/main/kotlin/com/keyiflerolsun/HDFilmCehennemi.kt:162:91 Unresolved reference 'fixUrlNull'.
e: file:///home/runner/work/cuoldstram/cuoldstram/src/HDFilmCehennemi/src/main/kotlin/com/keyiflerolsun/HDFilmCehennemi.kt:162:102 Unresolved reference 'it'.
e: file:///home/runner/work/cuoldstram/cuoldstram/src/HDFilmCehennemi/src/main/kotlin/com/keyiflerolsun/HDFilmCehennemi.kt:164:17 Unresolved reference 'newTvSeriesSearchResponse'.
e: file:///home/runner/work/cuoldstram/cuoldstram/src/HDFilmCehennemi/src/main/kotlin/com/keyiflerolsun/HDFilmCehennemi.kt:164:61 Class 'com.lagradost.cloudstream3.TvType' was compiled with an incompatible version of Kotlin. The actual metadata version is 2.4.0, but the compiler version 2.1.0 can read versions up to 2.2.0.
The class is loaded from /home/runner/.gradle/caches/8.12/transforms/68bebdc5262e86f52108e6397eb2b3a9/transformed/jetified-cloudstream.jar!/com/lagradost/cloudstream3/TvType.class
e: file:///home/runner/work/cuoldstram/cuoldstram/src/HDFilmCehennemi/src/main/kotlin/com/keyiflerolsun/HDFilmCehennemi.kt:165:26 Unresolved reference 'posterUrl'.
e: file:///home/runner/work/cuoldstram/cuoldstram/src/HDFilmCehennemi/src/main/kotlin/com/keyiflerolsun/HDFilmCehennemi.kt:169:20 Class 'com.lagradost.cloudstream3.TvType' was compiled with an incompatible version of Kotlin. The actual metadata version is 2.4.0, but the compiler version 2.1.0 can read versions up to 2.2.0.
The class is loaded from /home/runner/.gradle/caches/8.12/transforms/68bebdc5262e86f52108e6397eb2b3a9/transformed/jetified-cloudstream.jar!/com/lagradost/cloudstream3/TvType.class
e: file:///home/runner/work/cuoldstram/cuoldstram/src/HDFilmCehennemi/src/main/kotlin/com/keyiflerolsun/HDFilmCehennemi.kt:169:30 Class 'com.lagradost.cloudstream3.TvType' was compiled with an incompatible version of Kotlin. The actual metadata version is 2.4.0, but the compiler version 2.1.0 can read versions up to 2.2.0.
The class is loaded from /home/runner/.gradle/caches/8.12/transforms/68bebdc5262e86f52108e6397eb2b3a9/transformed/jetified-cloudstream.jar!/com/lagradost/cloudstream3/TvType.class
e: file:///home/runner/work/cuoldstram/cuoldstram/src/HDFilmCehennemi/src/main/kotlin/com/keyiflerolsun/HDFilmCehennemi.kt:173:33 Unresolved reference 'it'.
e: file:///home/runner/work/cuoldstram/cuoldstram/src/HDFilmCehennemi/src/main/kotlin/com/keyiflerolsun/HDFilmCehennemi.kt:174:33 Unresolved reference 'fixUrlNull'.
e: file:///home/runner/work/cuoldstram/cuoldstram/src/HDFilmCehennemi/src/main/kotlin/com/keyiflerolsun/HDFilmCehennemi.kt:174:44 Unresolved reference 'it'.
e: file:///home/runner/work/cuoldstram/cuoldstram/src/HDFilmCehennemi/src/main/kotlin/com/keyiflerolsun/HDFilmCehennemi.kt:178:17 Unresolved reference 'newEpisode'.
e: file:///home/runner/work/cuoldstram/cuoldstram/src/HDFilmCehennemi/src/main/kotlin/com/keyiflerolsun/HDFilmCehennemi.kt:180:26 Unresolved reference 'season'.
e: file:///home/runner/work/cuoldstram/cuoldstram/src/HDFilmCehennemi/src/main/kotlin/com/keyiflerolsun/HDFilmCehennemi.kt:181:26 Unresolved reference 'episode'.
e: file:///home/runner/work/cuoldstram/cuoldstram/src/HDFilmCehennemi/src/main/kotlin/com/keyiflerolsun/HDFilmCehennemi.kt:185:13 Unresolved reference 'newTvSeriesLoadResponse'.
e: file:///home/runner/work/cuoldstram/cuoldstram/src/HDFilmCehennemi/src/main/kotlin/com/keyiflerolsun/HDFilmCehennemi.kt:185:49 Class 'com.lagradost.cloudstream3.TvType' was compiled with an incompatible version of Kotlin. The actual metadata version is 2.4.0, but the compiler version 2.1.0 can read versions up to 2.2.0.
The class is loaded from /home/runner/.gradle/caches/8.12/transforms/68bebdc5262e86f52108e6397eb2b3a9/transformed/jetified-cloudstream.jar!/com/lagradost/cloudstream3/TvType.class
e: file:///home/runner/work/cuoldstram/cuoldstram/src/HDFilmCehennemi/src/main/kotlin/com/keyiflerolsun/HDFilmCehennemi.kt:186:22 Unresolved reference 'posterUrl'.
e: file:///home/runner/work/cuoldstram/cuoldstram/src/HDFilmCehennemi/src/main/kotlin/com/keyiflerolsun/HDFilmCehennemi.kt:187:22 Unresolved reference 'year'.
e: file:///home/runner/work/cuoldstram/cuoldstram/src/HDFilmCehennemi/src/main/kotlin/com/keyiflerolsun/HDFilmCehennemi.kt:188:22 Unresolved reference 'plot'.
e: file:///home/runner/work/cuoldstram/cuoldstram/src/HDFilmCehennemi/src/main/kotlin/com/keyiflerolsun/HDFilmCehennemi.kt:189:22 Unresolved reference 'tags'.
e: file:///home/runner/work/cuoldstram/cuoldstram/src/HDFilmCehennemi/src/main/kotlin/com/keyiflerolsun/HDFilmCehennemi.kt:190:22 Unresolved reference 'recommendations'.
e: file:///home/runner/work/cuoldstram/cuoldstram/src/HDFilmCehennemi/src/main/kotlin/com/keyiflerolsun/HDFilmCehennemi.kt:192:17 None of the following candidates is applicable:
suspend fun LoadResponse.addTrailer(trailerUrl: String?, referer: String? = ..., addRaw: Boolean = ...): Unit
suspend fun LoadResponse.addTrailer(trailerUrl: String?, referer: String? = ..., addRaw: Boolean = ..., headers: Map<String, String> = ...): Unit
suspend fun LoadResponse.addTrailer(trailerUrls: List<String>?, referer: String? = ..., addRaw: Boolean = ...): Unit
e: file:///home/runner/work/cuoldstram/cuoldstram/src/HDFilmCehennemi/src/main/kotlin/com/keyiflerolsun/HDFilmCehennemi.kt:197:13 Unresolved reference 'newMovieLoadResponse'.
e: file:///home/runner/work/cuoldstram/cuoldstram/src/HDFilmCehennemi/src/main/kotlin/com/keyiflerolsun/HDFilmCehennemi.kt:197:46 Class 'com.lagradost.cloudstream3.TvType' was compiled with an incompatible version of Kotlin. The actual metadata version is 2.4.0, but the compiler version 2.1.0 can read versions up to 2.2.0.
The class is loaded from /home/runner/.gradle/caches/8.12/transforms/68bebdc5262e86f52108e6397eb2b3a9/transformed/jetified-cloudstream.jar!/com/lagradost/cloudstream3/TvType.class
e: file:///home/runner/work/cuoldstram/cuoldstram/src/HDFilmCehennemi/src/main/kotlin/com/keyiflerolsun/HDFilmCehennemi.kt:198:22 Unresolved reference 'posterUrl'.
e: file:///home/runner/work/cuoldstram/cuoldstram/src/HDFilmCehennemi/src/main/kotlin/com/keyiflerolsun/HDFilmCehennemi.kt:199:22 Unresolved reference 'year'.
e: file:///home/runner/work/cuoldstram/cuoldstram/src/HDFilmCehennemi/src/main/kotlin/com/keyiflerolsun/HDFilmCehennemi.kt:200:22 Unresolved reference 'plot'.
e: file:///home/runner/work/cuoldstram/cuoldstram/src/HDFilmCehennemi/src/main/kotlin/com/keyiflerolsun/HDFilmCehennemi.kt:201:22 Unresolved reference 'tags'.
e: file:///home/runner/work/cuoldstram/cuoldstram/src/HDFilmCehennemi/src/main/kotlin/com/keyiflerolsun/HDFilmCehennemi.kt:202:22 Unresolved reference 'recommendations'.
e: file:///home/runner/work/cuoldstram/cuoldstram/src/HDFilmCehennemi/src/main/kotlin/com/keyiflerolsun/HDFilmCehennemi.kt:204:17 None of the following candidates is applicable:
suspend fun LoadResponse.addTrailer(trailerUrl: String?, referer: String? = ..., addRaw: Boolean = ...): Unit
suspend fun LoadResponse.addTrailer(trailerUrl: String?, referer: String? = ..., addRaw: Boolean = ..., headers: Map<String, String> = ...): Unit
suspend fun LoadResponse.addTrailer(trailerUrls: List<String>?, referer: String? = ..., addRaw: Boolean = ...): Unit
e: file:///home/runner/work/cuoldstram/cuoldstram/src/HDFilmCehennemi/src/main/kotlin/com/keyiflerolsun/HDFilmCehennemi.kt:210:27 Unresolved reference 'base64Decode'.
e: file:///home/runner/work/cuoldstram/cuoldstram/src/HDFilmCehennemi/src/main/kotlin/com/keyiflerolsun/HDFilmCehennemi.kt:212:28 Unresolved reference 'base64Decode'.
e: file:///home/runner/work/cuoldstram/cuoldstram/src/HDFilmCehennemi/src/main/kotlin/com/keyiflerolsun/HDFilmCehennemi.kt:227:91 Class 'com.lagradost.cloudstream3.SubtitleFile' was compiled with an incompatible version of Kotlin. The actual metadata version is 2.4.0, but the compiler version 2.1.0 can read versions up to 2.2.0.
The class is loaded from /home/runner/.gradle/caches/8.12/transforms/68bebdc5262e86f52108e6397eb2b3a9/transformed/jetified-cloudstream.jar!/com/lagradost/cloudstream3/SubtitleFile.class
e: file:///home/runner/work/cuoldstram/cuoldstram/src/HDFilmCehennemi/src/main/kotlin/com/keyiflerolsun/HDFilmCehennemi.kt:227:125 Class 'com.lagradost.cloudstream3.utils.ExtractorLink' was compiled with an incompatible version of Kotlin. The actual metadata version is 2.4.0, but the compiler version 2.1.0 can read versions up to 2.2.0.
The class is loaded from /home/runner/.gradle/caches/8.12/transforms/68bebdc5262e86f52108e6397eb2b3a9/transformed/jetified-cloudstream.jar!/com/lagradost/cloudstream3/utils/ExtractorLink.class
e: file:///home/runner/work/cuoldstram/cuoldstram/src/HDFilmCehennemi/src/main/kotlin/com/keyiflerolsun/HDFilmCehennemi.kt:228:29 Unresolved reference 'get'.
e: file:///home/runner/work/cuoldstram/cuoldstram/src/HDFilmCehennemi/src/main/kotlin/com/keyiflerolsun/HDFilmCehennemi.kt:228:123 Unresolved reference 'it'.
e: file:///home/runner/work/cuoldstram/cuoldstram/src/HDFilmCehennemi/src/main/kotlin/com/keyiflerolsun/HDFilmCehennemi.kt:228:157 Unresolved reference 'data'.
e: file:///home/runner/work/cuoldstram/cuoldstram/src/HDFilmCehennemi/src/main/kotlin/com/keyiflerolsun/HDFilmCehennemi.kt:230:25 Unresolved reference 'getAndUnpack'.
e: file:///home/runner/work/cuoldstram/cuoldstram/src/HDFilmCehennemi/src/main/kotlin/com/keyiflerolsun/HDFilmCehennemi.kt:236:9 Class 'com.lagradost.cloudstream3.utils.AppUtils' was compiled with an incompatible version of Kotlin. The actual metadata version is 2.4.0, but the compiler version 2.1.0 can read versions up to 2.2.0.
The class is loaded from /home/runner/.gradle/caches/8.12/transforms/68bebdc5262e86f52108e6397eb2b3a9/transformed/jetified-cloudstream.jar!/com/lagradost/cloudstream3/utils/AppUtils.class
e: file:///home/runner/work/cuoldstram/cuoldstram/src/HDFilmCehennemi/src/main/kotlin/com/keyiflerolsun/HDFilmCehennemi.kt:236:18 Cannot inline bytecode built with JVM target 11 into bytecode that is being built with JVM target 1.8. Please specify proper '-jvm-target' option.
e: file:///home/runner/work/cuoldstram/cuoldstram/src/HDFilmCehennemi/src/main/kotlin/com/keyiflerolsun/HDFilmCehennemi.kt:244:32 Unresolved reference 'get'.
e: file:///home/runner/work/cuoldstram/cuoldstram/src/HDFilmCehennemi/src/main/kotlin/com/keyiflerolsun/HDFilmCehennemi.kt:246:21 Class 'com.lagradost.cloudstream3.SubtitleFile' was compiled with an incompatible version of Kotlin. The actual metadata version is 2.4.0, but the compiler version 2.1.0 can read versions up to 2.2.0.
The class is loaded from /home/runner/.gradle/caches/8.12/transforms/68bebdc5262e86f52108e6397eb2b3a9/transformed/jetified-cloudstream.jar!/com/lagradost/cloudstream3/SubtitleFile.class
e: file:///home/runner/work/cuoldstram/cuoldstram/src/HDFilmCehennemi/src/main/kotlin/com/keyiflerolsun/HDFilmCehennemi.kt:246:38 Class 'com.lagradost.cloudstream3.SubtitleFile' was compiled with an incompatible version of Kotlin. The actual metadata version is 2.4.0, but the compiler version 2.1.0 can read versions up to 2.2.0.
The class is loaded from /home/runner/.gradle/caches/8.12/transforms/68bebdc5262e86f52108e6397eb2b3a9/transformed/jetified-cloudstream.jar!/com/lagradost/cloudstream3/SubtitleFile.class
e: file:///home/runner/work/cuoldstram/cuoldstram/src/HDFilmCehennemi/src/main/kotlin/com/keyiflerolsun/HDFilmCehennemi.kt:252:9 Class 'com.lagradost.cloudstream3.utils.ExtractorLink' was compiled with an incompatible version of Kotlin. The actual metadata version is 2.4.0, but the compiler version 2.1.0 can read versions up to 2.2.0.
The class is loaded from /home/runner/.gradle/caches/8.12/transforms/68bebdc5262e86f52108e6397eb2b3a9/transformed/jetified-cloudstream.jar!/com/lagradost/cloudstream3/utils/ExtractorLink.class
e: file:///home/runner/work/cuoldstram/cuoldstram/src/HDFilmCehennemi/src/main/kotlin/com/keyiflerolsun/HDFilmCehennemi.kt:253:13 Unresolved reference 'newExtractorLink'.
e: file:///home/runner/work/cuoldstram/cuoldstram/src/HDFilmCehennemi/src/main/kotlin/com/keyiflerolsun/HDFilmCehennemi.kt:257:27 Class 'com.lagradost.cloudstream3.utils.ExtractorLinkType' was compiled with an incompatible version of Kotlin. The actual metadata version is 2.4.0, but the compiler version 2.1.0 can read versions up to 2.2.0.
The class is loaded from /home/runner/.gradle/caches/8.12/transforms/68bebdc5262e86f52108e6397eb2b3a9/transformed/jetified-cloudstream.jar!/com/lagradost/cloudstream3/utils/ExtractorLinkType.class
e: file:///home/runner/work/cuoldstram/cuoldstram/src/HDFilmCehennemi/src/main/kotlin/com/keyiflerolsun/HDFilmCehennemi.kt:259:17 Unresolved reference 'headers'.
e: file:///home/runner/work/cuoldstram/cuoldstram/src/HDFilmCehennemi/src/main/kotlin/com/keyiflerolsun/HDFilmCehennemi.kt:260:17 Unresolved reference 'quality'.
e: file:///home/runner/work/cuoldstram/cuoldstram/src/HDFilmCehennemi/src/main/kotlin/com/keyiflerolsun/HDFilmCehennemi.kt:260:27 Class 'com.lagradost.cloudstream3.utils.Qualities' was compiled with an incompatible version of Kotlin. The actual metadata version is 2.4.0, but the compiler version 2.1.0 can read versions up to 2.2.0.
The class is loaded from /home/runner/.gradle/caches/8.12/transforms/68bebdc5262e86f52108e6397eb2b3a9/transformed/jetified-cloudstream.jar!/com/lagradost/cloudstream3/utils/Qualities.class
e: file:///home/runner/work/cuoldstram/cuoldstram/src/HDFilmCehennemi/src/main/kotlin/com/keyiflerolsun/HDFilmCehennemi.kt:260:27 Class 'com.lagradost.cloudstream3.utils.Qualities' was compiled with an incompatible version of Kotlin. The actual metadata version is 2.4.0, but the compiler version 2.1.0 can read versions up to 2.2.0.
The class is loaded from /home/runner/.gradle/caches/8.12/transforms/68bebdc5262e86f52108e6397eb2b3a9/transformed/jetified-cloudstream.jar!/com/lagradost/cloudstream3/utils/Qualities.class
e: file:///home/runner/work/cuoldstram/cuoldstram/src/HDFilmCehennemi/src/main/kotlin/com/keyiflerolsun/HDFilmCehennemi.kt:268:24 Class 'com.lagradost.cloudstream3.SubtitleFile' was compiled with an incompatible version of Kotlin. The actual metadata version is 2.4.0, but the compiler version 2.1.0 can read versions up to 2.2.0.
The class is loaded from /home/runner/.gradle/caches/8.12/transforms/68bebdc5262e86f52108e6397eb2b3a9/transformed/jetified-cloudstream.jar!/com/lagradost/cloudstream3/SubtitleFile.class
e: file:///home/runner/work/cuoldstram/cuoldstram/src/HDFilmCehennemi/src/main/kotlin/com/keyiflerolsun/HDFilmCehennemi.kt:269:16 Class 'com.lagradost.cloudstream3.utils.ExtractorLink' was compiled with an incompatible version of Kotlin. The actual metadata version is 2.4.0, but the compiler version 2.1.0 can read versions up to 2.2.0.
The class is loaded from /home/runner/.gradle/caches/8.12/transforms/68bebdc5262e86f52108e6397eb2b3a9/transformed/jetified-cloudstream.jar!/com/lagradost/cloudstream3/utils/ExtractorLink.class
e: file:///home/runner/work/cuoldstram/cuoldstram/src/HDFilmCehennemi/src/main/kotlin/com/keyiflerolsun/HDFilmCehennemi.kt:272:24 Unresolved reference 'get'.
e: file:///home/runner/work/cuoldstram/cuoldstram/src/HDFilmCehennemi/src/main/kotlin/com/keyiflerolsun/HDFilmCehennemi.kt:274:52 Cannot infer type for this parameter. Please specify it explicitly.
e: file:///home/runner/work/cuoldstram/cuoldstram/src/HDFilmCehennemi/src/main/kotlin/com/keyiflerolsun/HDFilmCehennemi.kt:275:17 Cannot infer type for this parameter. Please specify it explicitly.
e: file:///home/runner/work/cuoldstram/cuoldstram/src/HDFilmCehennemi/src/main/kotlin/com/keyiflerolsun/HDFilmCehennemi.kt:275:17 Unresolved reference. None of the following candidates is applicable because of a receiver type mismatch:
fun <A, B> A.to(that: B): Pair<A, B>
e: file:///home/runner/work/cuoldstram/cuoldstram/src/HDFilmCehennemi/src/main/kotlin/com/keyiflerolsun/HDFilmCehennemi.kt:275:28 Unresolved reference 'attr'.
e: file:///home/runner/work/cuoldstram/cuoldstram/src/HDFilmCehennemi/src/main/kotlin/com/keyiflerolsun/HDFilmCehennemi.kt:276:17 Cannot infer type for this parameter. Please specify it explicitly.
e: file:///home/runner/work/cuoldstram/cuoldstram/src/HDFilmCehennemi/src/main/kotlin/com/keyiflerolsun/HDFilmCehennemi.kt:276:17 Function 'component1()' is ambiguous for this expression: 
fun <T> Array<out T>.component1(): T
fun ByteArray.component1(): Byte
fun ShortArray.component1(): Short
fun IntArray.component1(): Int
fun LongArray.component1(): Long
fun FloatArray.component1(): Float
fun DoubleArray.component1(): Double
fun BooleanArray.component1(): Boolean
fun CharArray.component1(): Char
fun <T> List<T>.component1(): T
fun <K, V> Map.Entry<K, V>.component1(): K
fun UIntArray.component1(): UInt
fun ULongArray.component1(): ULong
fun UByteArray.component1(): UByte
fun UShortArray.component1(): UShort.
e: file:///home/runner/work/cuoldstram/cuoldstram/src/HDFilmCehennemi/src/main/kotlin/com/keyiflerolsun/HDFilmCehennemi.kt:276:17 Function 'component2()' is ambiguous for this expression: 
fun <T> Array<out T>.component2(): T
fun ByteArray.component2(): Byte
fun ShortArray.component2(): Short
fun IntArray.component2(): Int
fun LongArray.component2(): Long
fun FloatArray.component2(): Float
fun DoubleArray.component2(): Double
fun BooleanArray.component2(): Boolean
fun CharArray.component2(): Char
fun <T> List<T>.component2(): T
fun <K, V> Map.Entry<K, V>.component2(): V
fun UIntArray.component2(): UInt
fun ULongArray.component2(): ULong
fun UByteArray.component2(): UByte
fun UShortArray.component2(): UShort.
e: file:///home/runner/work/cuoldstram/cuoldstram/src/HDFilmCehennemi/src/main/kotlin/com/keyiflerolsun/HDFilmCehennemi.kt:277:17 Unresolved reference 'select'.
e: file:///home/runner/work/cuoldstram/cuoldstram/src/HDFilmCehennemi/src/main/kotlin/com/keyiflerolsun/HDFilmCehennemi.kt:277:57 Cannot infer type for this parameter. Please specify it explicitly.
e: file:///home/runner/work/cuoldstram/cuoldstram/src/HDFilmCehennemi/src/main/kotlin/com/keyiflerolsun/HDFilmCehennemi.kt:278:20 Unresolved reference 'text'.
e: file:///home/runner/work/cuoldstram/cuoldstram/src/HDFilmCehennemi/src/main/kotlin/com/keyiflerolsun/HDFilmCehennemi.kt:278:77 Cannot infer type for this parameter. Please specify it explicitly.
e: file:///home/runner/work/cuoldstram/cuoldstram/src/HDFilmCehennemi/src/main/kotlin/com/keyiflerolsun/HDFilmCehennemi.kt:278:87 Unresolved reference 'attr'.
e: file:///home/runner/work/cuoldstram/cuoldstram/src/HDFilmCehennemi/src/main/kotlin/com/keyiflerolsun/HDFilmCehennemi.kt:279:21 Cannot infer type for this parameter. Please specify it explicitly.
e: file:///home/runner/work/cuoldstram/cuoldstram/src/HDFilmCehennemi/src/main/kotlin/com/keyiflerolsun/HDFilmCehennemi.kt:279:21 Function 'component1()' is ambiguous for this expression: 
fun <T> Array<out T>.component1(): T
fun ByteArray.component1(): Byte
fun ShortArray.component1(): Short
fun IntArray.component1(): Int
fun LongArray.component1(): Long
fun FloatArray.component1(): Float
fun DoubleArray.component1(): Double
fun BooleanArray.component1(): Boolean
fun CharArray.component1(): Char
fun <T> List<T>.component1(): T
fun <K, V> Map.Entry<K, V>.component1(): K
fun UIntArray.component1(): UInt
fun ULongArray.component1(): ULong
fun UByteArray.component1(): UByte
fun UShortArray.component1(): UShort.
e: file:///home/runner/work/cuoldstram/cuoldstram/src/HDFilmCehennemi/src/main/kotlin/com/keyiflerolsun/HDFilmCehennemi.kt:279:21 Function 'component2()' is ambiguous for this expression: 
fun <T> Array<out T>.component2(): T
fun ByteArray.component2(): Byte
fun ShortArray.component2(): Short
fun IntArray.component2(): Int
fun LongArray.component2(): Long
fun FloatArray.component2(): Float
fun DoubleArray.component2(): Double
fun BooleanArray.component2(): Boolean
fun CharArray.component2(): Char
fun <T> List<T>.component2(): T
fun <K, V> Map.Entry<K, V>.component2(): V
fun UIntArray.component2(): UInt
fun ULongArray.component2(): ULong
fun UByteArray.component2(): UByte
fun UShortArray.component2(): UShort.
e: file:///home/runner/work/cuoldstram/cuoldstram/src/HDFilmCehennemi/src/main/kotlin/com/keyiflerolsun/HDFilmCehennemi.kt:280:30 Unresolved reference 'get'.
e: file:///home/runner/work/cuoldstram/cuoldstram/src/HDFilmCehennemi/src/main/kotlin/com/keyiflerolsun/HDFilmCehennemi.kt:295:26 Unresolved reference 'fixUrlNull'.
e: file:///home/runner/work/cuoldstram/cuoldstram/src/HDFilmCehennemi/src/main/kotlin/com/keyiflerolsun/HDFilmCehennemi.kt:295:47 Unresolved reference 'selectFirst'.
e: file:///home/runner/work/cuoldstram/cuoldstram/src/HDFilmCehennemi/src/main/kotlin/com/keyiflerolsun/HDFilmCehennemi.kt:295:91 Return type mismatch: expected 'ERROR CLASS: Cannot infer type variable TypeVariable(_L)', actual 'kotlin.Unit'.
e: file:///home/runner/work/cuoldstram/cuoldstram/src/HDFilmCehennemi/src/main/kotlin/com/keyiflerolsun/HDFilmCehennemi.kt:298:13 Suspension functions can only be called within coroutine body.
e: file:///home/runner/work/cuoldstram/cuoldstram/src/HDFilmCehennemi/src/main/kotlin/com/keyiflerolsun/HDFilmCehennemiPlugin.kt:7:2 Class 'com.lagradost.cloudstream3.plugins.CloudstreamPlugin' was compiled with an incompatible version of Kotlin. The actual metadata version is 2.4.0, but the compiler version 2.1.0 can read versions up to 2.2.0.
The class is loaded from /home/runner/.gradle/caches/8.12/transforms/68bebdc5262e86f52108e6397eb2b3a9/transformed/jetified-cloudstream.jar!/com/lagradost/cloudstream3/plugins/CloudstreamPlugin.class
e: file:///home/runner/work/cuoldstram/cuoldstram/src/HDFilmCehennemi/src/main/kotlin/com/keyiflerolsun/HDFilmCehennemiPlugin.kt:8:30 Class 'com.lagradost.cloudstream3.plugins.Plugin' was compiled with an incompatible version of Kotlin. The actual metadata version is 2.4.0, but the compiler version 2.1.0 can read versions up to 2.2.0.
The class is loaded from /home/runner/.gradle/caches/8.12/transforms/68bebdc5262e86f52108e6397eb2b3a9/transformed/jetified-cloudstream.jar!/com/lagradost/cloudstream3/plugins/Plugin.class
e: file:///home/runner/work/cuoldstram/cuoldstram/src/HDFilmCehennemi/src/main/kotlin/com/keyiflerolsun/HDFilmCehennemiPlugin.kt:10:9 Class 'com.lagradost.cloudstream3.MainAPI' was compiled with an incompatible version of Kotlin. The actual metadata version is 2.4.0, but the compiler version 2.1.0 can read versions up to 2.2.0.
The class is loaded from /home/runner/.gradle/caches/8.12/transforms/68bebdc5262e86f52108e6397eb2b3a9/transformed/jetified-cloudstream.jar!/com/lagradost/cloudstream3/MainAPI.class
e: file:///home/runner/work/cuoldstram/cuoldstram/src/HDFilmCehennemi/src/main/kotlin/com/keyiflerolsun/HDFilmCehennemiPlugin.kt:10:9 Class 'com.lagradost.cloudstream3.plugins.BasePlugin' was compiled with an incompatible version of Kotlin. The actual metadata version is 2.4.0, but the compiler version 2.1.0 can read versions up to 2.2.0.
The class is loaded from /home/runner/.gradle/caches/8.12/transforms/68bebdc5262e86f52108e6397eb2b3a9/transformed/jetified-cloudstream.jar!/com/lagradost/cloudstream3/plugins/BasePlugin.class

> Task :HDFilmCehennemi:compileDebugKotlin FAILED

FAILURE: Build completed with 4 failures.

1: Task failed with an exception.
-----------
* What went wrong:
Execution failed for task ':FilmModu:compileDebugKotlin'.
> A failure occurred while executing org.jetbrains.kotlin.compilerRunner.GradleCompilerRunnerWithWorkers$GradleKotlinCompilerWorkAction
   > Compilation error. See log for more details

* Try:
> Run with --info or --debug option to get more log output.
> Run with --scan to get full insights.
> Get more help at https://help.gradle.org.

* Exception is:
org.gradle.api.tasks.TaskExecutionException: Execution failed for task ':FilmModu:compileDebugKotlin'.
	at org.gradle.api.internal.tasks.execution.ExecuteActionsTaskExecuter.lambda$executeIfValid$1(ExecuteActionsTaskExecuter.java:130)
	at org.gradle.internal.Try$Failure.ifSuccessfulOrElse(Try.java:293)
	at org.gradle.api.internal.tasks.execution.ExecuteActionsTaskExecuter.executeIfValid(ExecuteActionsTaskExecuter.java:128)
	at org.gradle.api.internal.tasks.execution.ExecuteActionsTaskExecuter.execute(ExecuteActionsTaskExecuter.java:116)
	at org.gradle.api.internal.tasks.execution.ProblemsTaskPathTrackingTaskExecuter.execute(ProblemsTaskPathTrackingTaskExecuter.java:40)
	at org.gradle.api.internal.tasks.execution.FinalizePropertiesTaskExecuter.execute(FinalizePropertiesTaskExecuter.java:46)
	at org.gradle.api.internal.tasks.execution.ResolveTaskExecutionModeExecuter.execute(ResolveTaskExecutionModeExecuter.java:51)
	at org.gradle.api.internal.tasks.execution.SkipTaskWithNoActionsExecuter.execute(SkipTaskWithNoActionsExecuter.java:57)
	at org.gradle.api.internal.tasks.execution.SkipOnlyIfTaskExecuter.execute(SkipOnlyIfTaskExecuter.java:74)
	at org.gradle.api.internal.tasks.execution.CatchExceptionTaskExecuter.execute(CatchExceptionTaskExecuter.java:36)
	at org.gradle.api.internal.tasks.execution.EventFiringTaskExecuter$1.executeTask(EventFiringTaskExecuter.java:77)
	at org.gradle.api.internal.tasks.execution.EventFiringTaskExecuter$1.call(EventFiringTaskExecuter.java:55)
	at org.gradle.api.internal.tasks.execution.EventFiringTaskExecuter$1.call(EventFiringTaskExecuter.java:52)
	at org.gradle.internal.operations.DefaultBuildOperationRunner$CallableBuildOperationWorker.execute(DefaultBuildOperationRunner.java:209)
	at org.gradle.internal.operations.DefaultBuildOperationRunner$CallableBuildOperationWorker.execute(DefaultBuildOperationRunner.java:204)
	at org.gradle.internal.operations.DefaultBuildOperationRunner$2.execute(DefaultBuildOperationRunner.java:66)
	at org.gradle.internal.operations.DefaultBuildOperationRunner$2.execute(DefaultBuildOperationRunner.java:59)
	at org.gradle.internal.operations.DefaultBuildOperationRunner.execute(DefaultBuildOperationRunner.java:166)
	at org.gradle.internal.operations.DefaultBuildOperationRunner.execute(DefaultBuildOperationRunner.java:59)
	at org.gradle.internal.operations.DefaultBuildOperationRunner.call(DefaultBuildOperationRunner.java:53)
	at org.gradle.api.internal.tasks.execution.EventFiringTaskExecuter.execute(EventFiringTaskExecuter.java:52)
	at org.gradle.execution.plan.LocalTaskNodeExecutor.execute(LocalTaskNodeExecutor.java:42)
	at org.gradle.execution.taskgraph.DefaultTaskExecutionGraph$InvokeNodeExecutorsAction.execute(DefaultTaskExecutionGraph.java:331)
	at org.gradle.execution.taskgraph.DefaultTaskExecutionGraph$InvokeNodeExecutorsAction.execute(DefaultTaskExecutionGraph.java:318)
	at org.gradle.execution.taskgraph.DefaultTaskExecutionGraph$BuildOperationAwareExecutionAction.lambda$execute$0(DefaultTaskExecutionGraph.java:314)
	at org.gradle.internal.operations.CurrentBuildOperationRef.with(CurrentBuildOperationRef.java:85)
	at org.gradle.execution.taskgraph.DefaultTaskExecutionGraph$BuildOperationAwareExecutionAction.execute(DefaultTaskExecutionGraph.java:314)
	at org.gradle.execution.taskgraph.DefaultTaskExecutionGraph$BuildOperationAwareExecutionAction.execute(DefaultTaskExecutionGraph.java:303)
	at org.gradle.execution.plan.DefaultPlanExecutor$ExecutorWorker.execute(DefaultPlanExecutor.java:459)
	at org.gradle.execution.plan.DefaultPlanExecutor$ExecutorWorker.run(DefaultPlanExecutor.java:376)
	at org.gradle.execution.plan.DefaultPlanExecutor.process(DefaultPlanExecutor.java:111)
	at org.gradle.execution.taskgraph.DefaultTaskExecutionGraph.executeWithServices(DefaultTaskExecutionGraph.java:138)
	at org.gradle.execution.taskgraph.DefaultTaskExecutionGraph.execute(DefaultTaskExecutionGraph.java:123)
	at org.gradle.execution.SelectedTaskExecutionAction.execute(SelectedTaskExecutionAction.java:35)
	at org.gradle.execution.DryRunBuildExecutionAction.execute(DryRunBuildExecutionAction.java:51)
	at org.gradle.execution.BuildOperationFiringBuildWorkerExecutor$ExecuteTasks.call(BuildOperationFiringBuildWorkerExecutor.java:54)
	at org.gradle.execution.BuildOperationFiringBuildWorkerExecutor$ExecuteTasks.call(BuildOperationFiringBuildWorkerExecutor.java:43)
	at org.gradle.internal.operations.DefaultBuildOperationRunner$CallableBuildOperationWorker.execute(DefaultBuildOperationRunner.java:209)
	at org.gradle.internal.operations.DefaultBuildOperationRunner$CallableBuildOperationWorker.execute(DefaultBuildOperationRunner.java:204)
	at org.gradle.internal.operations.DefaultBuildOperationRunner$2.execute(DefaultBuildOperationRunner.java:66)
	at org.gradle.internal.operations.DefaultBuildOperationRunner$2.execute(DefaultBuildOperationRunner.java:59)
	at org.gradle.internal.operations.DefaultBuildOperationRunner.execute(DefaultBuildOperationRunner.java:166)
	at org.gradle.internal.operations.DefaultBuildOperationRunner.execute(DefaultBuildOperationRunner.java:59)
	at org.gradle.internal.operations.DefaultBuildOperationRunner.call(DefaultBuildOperationRunner.java:53)
	at org.gradle.execution.BuildOperationFiringBuildWorkerExecutor.execute(BuildOperationFiringBuildWorkerExecutor.java:40)
	at org.gradle.internal.build.DefaultBuildLifecycleController.lambda$executeTasks$10(DefaultBuildLifecycleController.java:313)
	at org.gradle.internal.model.StateTransitionController.doTransition(StateTransitionController.java:266)
	at org.gradle.internal.model.StateTransitionController.lambda$tryTransition$8(StateTransitionController.java:177)
	at org.gradle.internal.work.DefaultSynchronizer.withLock(DefaultSynchronizer.java:46)
	at org.gradle.internal.model.StateTransitionController.tryTransition(StateTransitionController.java:177)
	at org.gradle.internal.build.DefaultBuildLifecycleController.executeTasks(DefaultBuildLifecycleController.java:304)
	at org.gradle.internal.build.DefaultBuildWorkGraphController$DefaultBuildWorkGraph.runWork(DefaultBuildWorkGraphController.java:220)
	at org.gradle.internal.work.DefaultWorkerLeaseService.withLocks(DefaultWorkerLeaseService.java:263)
	at org.gradle.internal.work.DefaultWorkerLeaseService.runAsWorkerThread(DefaultWorkerLeaseService.java:127)
	at org.gradle.composite.internal.DefaultBuildController.doRun(DefaultBuildController.java:181)
	at org.gradle.composite.internal.DefaultBuildController.access$000(DefaultBuildController.java:50)
	at org.gradle.composite.internal.DefaultBuildController$BuildOpRunnable.lambda$run$0(DefaultBuildController.java:198)
	at org.gradle.internal.operations.CurrentBuildOperationRef.with(CurrentBuildOperationRef.java:85)
	at org.gradle.composite.internal.DefaultBuildController$BuildOpRunnable.run(DefaultBuildController.java:198)
	at org.gradle.internal.concurrent.ExecutorPolicy$CatchAndRecordFailures.onExecute(ExecutorPolicy.java:64)
	at org.gradle.internal.concurrent.AbstractManagedExecutor$1.run(AbstractManagedExecutor.java:48)
Caused by: org.gradle.workers.internal.DefaultWorkerExecutor$WorkExecutionException: A failure occurred while executing org.jetbrains.kotlin.compilerRunner.GradleCompilerRunnerWithWorkers$GradleKotlinCompilerWorkAction
	at org.gradle.workers.internal.DefaultWorkerExecutor$WorkItemExecution.waitForCompletion(DefaultWorkerExecutor.java:287)
	at org.gradle.internal.work.DefaultAsyncWorkTracker.lambda$waitForItemsAndGatherFailures$2(DefaultAsyncWorkTracker.java:130)
	at org.gradle.internal.Factories$1.create(Factories.java:31)
	at org.gradle.internal.work.DefaultWorkerLeaseService.withoutLocks(DefaultWorkerLeaseService.java:335)
	at org.gradle.internal.work.DefaultWorkerLeaseService.withoutLocks(DefaultWorkerLeaseService.java:318)
	at org.gradle.internal.work.DefaultWorkerLeaseService.withoutLock(DefaultWorkerLeaseService.java:323)
	at org.gradle.internal.work.DefaultAsyncWorkTracker.waitForItemsAndGatherFailures(DefaultAsyncWorkTracker.java:126)
	at org.gradle.internal.work.DefaultAsyncWorkTracker.waitForItemsAndGatherFailures(DefaultAsyncWorkTracker.java:92)
	at org.gradle.internal.work.DefaultAsyncWorkTracker.waitForAll(DefaultAsyncWorkTracker.java:78)
	at org.gradle.internal.work.DefaultAsyncWorkTracker.waitForCompletion(DefaultAsyncWorkTracker.java:66)
	at org.gradle.api.internal.tasks.execution.TaskExecution$3.run(TaskExecution.java:252)
	at org.gradle.internal.operations.DefaultBuildOperationRunner$1.execute(DefaultBuildOperationRunner.java:29)
	at org.gradle.internal.operations.DefaultBuildOperationRunner$1.execute(DefaultBuildOperationRunner.java:26)
	at org.gradle.internal.operations.DefaultBuildOperationRunner$2.execute(DefaultBuildOperationRunner.java:66)
	at org.gradle.internal.operations.DefaultBuildOperationRunner$2.execute(DefaultBuildOperationRunner.java:59)
	at org.gradle.internal.operations.DefaultBuildOperationRunner.execute(DefaultBuildOperationRunner.java:166)
	at org.gradle.internal.operations.DefaultBuildOperationRunner.execute(DefaultBuildOperationRunner.java:59)
	at org.gradle.internal.operations.DefaultBuildOperationRunner.run(DefaultBuildOperationRunner.java:47)
	at org.gradle.api.internal.tasks.execution.TaskExecution.executeAction(TaskExecution.java:229)
	at org.gradle.api.internal.tasks.execution.TaskExecution.executeActions(TaskExecution.java:212)
	at org.gradle.api.internal.tasks.execution.TaskExecution.executeWithPreviousOutputFiles(TaskExecution.java:195)
	at org.gradle.api.internal.tasks.execution.TaskExecution.execute(TaskExecution.java:162)
	at org.gradle.internal.execution.steps.ExecuteStep.executeInternal(ExecuteStep.java:105)
	at org.gradle.internal.execution.steps.ExecuteStep.access$000(ExecuteStep.java:44)
	at org.gradle.internal.execution.steps.ExecuteStep$1.call(ExecuteStep.java:59)
	at org.gradle.internal.execution.steps.ExecuteStep$1.call(ExecuteStep.java:56)
	at org.gradle.internal.operations.DefaultBuildOperationRunner$CallableBuildOperationWorker.execute(DefaultBuildOperationRunner.java:209)
	at org.gradle.internal.operations.DefaultBuildOperationRunner$CallableBuildOperationWorker.execute(DefaultBuildOperationRunner.java:204)
	at org.gradle.internal.operations.DefaultBuildOperationRunner$2.execute(DefaultBuildOperationRunner.java:66)
	at org.gradle.internal.operations.DefaultBuildOperationRunner$2.execute(DefaultBuildOperationRunner.java:59)
	at org.gradle.internal.operations.DefaultBuildOperationRunner.execute(DefaultBuildOperationRunner.java:166)
	at org.gradle.internal.operations.DefaultBuildOperationRunner.execute(DefaultBuildOperationRunner.java:59)
	at org.gradle.internal.operations.DefaultBuildOperationRunner.call(DefaultBuildOperationRunner.java:53)
	at org.gradle.internal.execution.steps.ExecuteStep.execute(ExecuteStep.java:56)
	at org.gradle.internal.execution.steps.ExecuteStep.execute(ExecuteStep.java:44)
	at org.gradle.internal.execution.steps.CancelExecutionStep.execute(CancelExecutionStep.java:42)
	at org.gradle.internal.execution.steps.TimeoutStep.executeWithoutTimeout(TimeoutStep.java:75)
	at org.gradle.internal.execution.steps.TimeoutStep.execute(TimeoutStep.java:55)
	at org.gradle.internal.execution.steps.PreCreateOutputParentsStep.execute(PreCreateOutputParentsStep.java:50)
	at org.gradle.internal.execution.steps.PreCreateOutputParentsStep.execute(PreCreateOutputParentsStep.java:28)
	at org.gradle.internal.execution.steps.RemovePreviousOutputsStep.execute(RemovePreviousOutputsStep.java:67)
	at org.gradle.internal.execution.steps.RemovePreviousOutputsStep.execute(RemovePreviousOutputsStep.java:37)
	at org.gradle.internal.execution.steps.BroadcastChangingOutputsStep.execute(BroadcastChangingOutputsStep.java:61)
	at org.gradle.internal.execution.steps.BroadcastChangingOutputsStep.execute(BroadcastChangingOutputsStep.java:26)
	at org.gradle.internal.execution.steps.CaptureOutputsAfterExecutionStep.execute(CaptureOutputsAfterExecutionStep.java:69)
	at org.gradle.internal.execution.steps.CaptureOutputsAfterExecutionStep.execute(CaptureOutputsAfterExecutionStep.java:46)
	at org.gradle.internal.execution.steps.ResolveInputChangesStep.execute(ResolveInputChangesStep.java:40)
	at org.gradle.internal.execution.steps.ResolveInputChangesStep.execute(ResolveInputChangesStep.java:29)
	at org.gradle.internal.execution.steps.BuildCacheStep.executeWithoutCache(BuildCacheStep.java:189)
	at org.gradle.internal.execution.steps.BuildCacheStep.lambda$execute$1(BuildCacheStep.java:75)
	at org.gradle.internal.Either$Right.fold(Either.java:175)
	at org.gradle.internal.execution.caching.CachingState.fold(CachingState.java:62)
	at org.gradle.internal.execution.steps.BuildCacheStep.execute(BuildCacheStep.java:73)
	at org.gradle.internal.execution.steps.BuildCacheStep.execute(BuildCacheStep.java:48)
	at org.gradle.internal.execution.steps.StoreExecutionStateStep.execute(StoreExecutionStateStep.java:46)
	at org.gradle.internal.execution.steps.StoreExecutionStateStep.execute(StoreExecutionStateStep.java:35)
	at org.gradle.internal.execution.steps.SkipUpToDateStep.executeBecause(SkipUpToDateStep.java:75)
	at org.gradle.internal.execution.steps.SkipUpToDateStep.lambda$execute$2(SkipUpToDateStep.java:53)
	at org.gradle.internal.execution.steps.SkipUpToDateStep.execute(SkipUpToDateStep.java:53)
	at org.gradle.internal.execution.steps.SkipUpToDateStep.execute(SkipUpToDateStep.java:35)
	at org.gradle.internal.execution.steps.legacy.MarkSnapshottingInputsFinishedStep.execute(MarkSnapshottingInputsFinishedStep.java:37)
	at org.gradle.internal.execution.steps.legacy.MarkSnapshottingInputsFinishedStep.execute(MarkSnapshottingInputsFinishedStep.java:27)
	at org.gradle.internal.execution.steps.ResolveIncrementalCachingStateStep.executeDelegate(ResolveIncrementalCachingStateStep.java:49)
	at org.gradle.internal.execution.steps.ResolveIncrementalCachingStateStep.executeDelegate(ResolveIncrementalCachingStateStep.java:27)
	at org.gradle.internal.execution.steps.AbstractResolveCachingStateStep.execute(AbstractResolveCachingStateStep.java:71)
	at org.gradle.internal.execution.steps.AbstractResolveCachingStateStep.execute(AbstractResolveCachingStateStep.java:39)
	at org.gradle.internal.execution.steps.ResolveChangesStep.execute(ResolveChangesStep.java:65)
	at org.gradle.internal.execution.steps.ResolveChangesStep.execute(ResolveChangesStep.java:36)
	at org.gradle.internal.execution.steps.ValidateStep.execute(ValidateStep.java:107)
	at org.gradle.internal.execution.steps.ValidateStep.execute(ValidateStep.java:56)
	at org.gradle.internal.execution.steps.AbstractCaptureStateBeforeExecutionStep.execute(AbstractCaptureStateBeforeExecutionStep.java:64)
	at org.gradle.internal.execution.steps.AbstractCaptureStateBeforeExecutionStep.execute(AbstractCaptureStateBeforeExecutionStep.java:43)
	at org.gradle.internal.execution.steps.AbstractSkipEmptyWorkStep.executeWithNonEmptySources(AbstractSkipEmptyWorkStep.java:125)
	at org.gradle.internal.execution.steps.AbstractSkipEmptyWorkStep.execute(AbstractSkipEmptyWorkStep.java:61)
	at org.gradle.internal.execution.steps.AbstractSkipEmptyWorkStep.execute(AbstractSkipEmptyWorkStep.java:36)
	at org.gradle.internal.execution.steps.legacy.MarkSnapshottingInputsStartedStep.execute(MarkSnapshottingInputsStartedStep.java:38)
	at org.gradle.internal.execution.steps.LoadPreviousExecutionStateStep.execute(LoadPreviousExecutionStateStep.java:36)
	at org.gradle.internal.execution.steps.LoadPreviousExecutionStateStep.execute(LoadPreviousExecutionStateStep.java:23)
	at org.gradle.internal.execution.steps.HandleStaleOutputsStep.execute(HandleStaleOutputsStep.java:75)
	at org.gradle.internal.execution.steps.HandleStaleOutputsStep.execute(HandleStaleOutputsStep.java:41)
	at org.gradle.internal.execution.steps.AssignMutableWorkspaceStep.lambda$execute$0(AssignMutableWorkspaceStep.java:35)
	at org.gradle.api.internal.tasks.execution.TaskExecution$4.withWorkspace(TaskExecution.java:289)
	at org.gradle.internal.execution.steps.AssignMutableWorkspaceStep.execute(AssignMutableWorkspaceStep.java:31)
	at org.gradle.internal.execution.steps.AssignMutableWorkspaceStep.execute(AssignMutableWorkspaceStep.java:22)
	at org.gradle.internal.execution.steps.ChoosePipelineStep.execute(ChoosePipelineStep.java:40)
	at org.gradle.internal.execution.steps.ChoosePipelineStep.execute(ChoosePipelineStep.java:23)
	at org.gradle.internal.execution.steps.ExecuteWorkBuildOperationFiringStep.lambda$execute$2(ExecuteWorkBuildOperationFiringStep.java:67)
	at org.gradle.internal.execution.steps.ExecuteWorkBuildOperationFiringStep.execute(ExecuteWorkBuildOperationFiringStep.java:67)
	at org.gradle.internal.execution.steps.ExecuteWorkBuildOperationFiringStep.execute(ExecuteWorkBuildOperationFiringStep.java:39)
	at org.gradle.internal.execution.steps.IdentityCacheStep.execute(IdentityCacheStep.java:46)
	at org.gradle.internal.execution.steps.IdentityCacheStep.execute(IdentityCacheStep.java:34)
	at org.gradle.internal.execution.steps.IdentifyStep.execute(IdentifyStep.java:48)
	at org.gradle.internal.execution.steps.IdentifyStep.execute(IdentifyStep.java:35)
	at org.gradle.internal.execution.impl.DefaultExecutionEngine$1.execute(DefaultExecutionEngine.java:61)
	at org.gradle.api.internal.tasks.execution.ExecuteActionsTaskExecuter.executeIfValid(ExecuteActionsTaskExecuter.java:127)
	at org.gradle.api.internal.tasks.execution.ExecuteActionsTaskExecuter.execute(ExecuteActionsTaskExecuter.java:116)
	at org.gradle.api.internal.tasks.execution.ProblemsTaskPathTrackingTaskExecuter.execute(ProblemsTaskPathTrackingTaskExecuter.java:40)
	at org.gradle.api.internal.tasks.execution.FinalizePropertiesTaskExecuter.execute(FinalizePropertiesTaskExecuter.java:46)
	at org.gradle.api.internal.tasks.execution.ResolveTaskExecutionModeExecuter.execute(ResolveTaskExecutionModeExecuter.java:51)
	at org.gradle.api.internal.tasks.execution.SkipTaskWithNoActionsExecuter.execute(SkipTaskWithNoActionsExecuter.java:57)
	at org.gradle.api.internal.tasks.execution.SkipOnlyIfTaskExecuter.execute(SkipOnlyIfTaskExecuter.java:74)
	at org.gradle.api.internal.tasks.execution.CatchExceptionTaskExecuter.execute(CatchExceptionTaskExecuter.java:36)
	at org.gradle.api.internal.tasks.execution.EventFiringTaskExecuter$1.executeTask(EventFiringTaskExecuter.java:77)
	at org.gradle.api.internal.tasks.execution.EventFiringTaskExecuter$1.call(EventFiringTaskExecuter.java:55)
	at org.gradle.api.internal.tasks.execution.EventFiringTaskExecuter$1.call(EventFiringTaskExecuter.java:52)
	at org.gradle.internal.operations.DefaultBuildOperationRunner$CallableBuildOperationWorker.execute(DefaultBuildOperationRunner.java:209)
	at org.gradle.internal.operations.DefaultBuildOperationRunner$CallableBuildOperationWorker.execute(DefaultBuildOperationRunner.java:204)
	at org.gradle.internal.operations.DefaultBuildOperationRunner$2.execute(DefaultBuildOperationRunner.java:66)
	at org.gradle.internal.operations.DefaultBuildOperationRunner$2.execute(DefaultBuildOperationRunner.java:59)
	at org.gradle.internal.operations.DefaultBuildOperationRunner.execute(DefaultBuildOperationRunner.java:166)
	at org.gradle.internal.operations.DefaultBuildOperationRunner.execute(DefaultBuildOperationRunner.java:59)
	at org.gradle.internal.operations.DefaultBuildOperationRunner.call(DefaultBuildOperationRunner.java:53)
	at org.gradle.api.internal.tasks.execution.EventFiringTaskExecuter.execute(EventFiringTaskExecuter.java:52)
	at org.gradle.execution.plan.LocalTaskNodeExecutor.execute(LocalTaskNodeExecutor.java:42)
	at org.gradle.execution.taskgraph.DefaultTaskExecutionGraph$InvokeNodeExecutorsAction.execute(DefaultTaskExecutionGraph.java:331)
	at org.gradle.execution.taskgraph.DefaultTaskExecutionGraph$InvokeNodeExecutorsAction.execute(DefaultTaskExecutionGraph.java:318)
	at org.gradle.execution.taskgraph.DefaultTaskExecutionGraph$BuildOperationAwareExecutionAction.lambda$execute$0(DefaultTaskExecutionGraph.java:314)
	at org.gradle.internal.operations.CurrentBuildOperationRef.with(CurrentBuildOperationRef.java:85)
	at org.gradle.execution.taskgraph.DefaultTaskExecutionGraph$BuildOperationAwareExecutionAction.execute(DefaultTaskExecutionGraph.java:314)
	at org.gradle.execution.taskgraph.DefaultTaskExecutionGraph$BuildOperationAwareExecutionAction.execute(DefaultTaskExecutionGraph.java:303)
	at org.gradle.execution.plan.DefaultPlanExecutor$ExecutorWorker.execute(DefaultPlanExecutor.java:459)
	at org.gradle.execution.plan.DefaultPlanExecutor$ExecutorWorker.run(DefaultPlanExecutor.java:376)
	at org.gradle.execution.plan.DefaultPlanExecutor.process(DefaultPlanExecutor.java:111)
	at org.gradle.execution.taskgraph.DefaultTaskExecutionGraph.executeWithServices(DefaultTaskExecutionGraph.java:138)
	at org.gradle.execution.taskgraph.DefaultTaskExecutionGraph.execute(DefaultTaskExecutionGraph.java:123)
	at org.gradle.execution.SelectedTaskExecutionAction.execute(SelectedTaskExecutionAction.java:35)
	at org.gradle.execution.DryRunBuildExecutionAction.execute(DryRunBuildExecutionAction.java:51)
	at org.gradle.execution.BuildOperationFiringBuildWorkerExecutor$ExecuteTasks.call(BuildOperationFiringBuildWorkerExecutor.java:54)
	at org.gradle.execution.BuildOperationFiringBuildWorkerExecutor$ExecuteTasks.call(BuildOperationFiringBuildWorkerExecutor.java:43)
	at org.gradle.internal.operations.DefaultBuildOperationRunner$CallableBuildOperationWorker.execute(DefaultBuildOperationRunner.java:209)
	at org.gradle.internal.operations.DefaultBuildOperationRunner$CallableBuildOperationWorker.execute(DefaultBuildOperationRunner.java:204)
	at org.gradle.internal.operations.DefaultBuildOperationRunner$2.execute(DefaultBuildOperationRunner.java:66)
	at org.gradle.internal.operations.DefaultBuildOperationRunner$2.execute(DefaultBuildOperationRunner.java:59)
	at org.gradle.internal.operations.DefaultBuildOperationRunner.execute(DefaultBuildOperationRunner.java:166)
	at org.gradle.internal.operations.DefaultBuildOperationRunner.execute(DefaultBuildOperationRunner.java:59)
	at org.gradle.internal.operations.DefaultBuildOperationRunner.call(DefaultBuildOperationRunner.java:53)
	at org.gradle.execution.BuildOperationFiringBuildWorkerExecutor.execute(BuildOperationFiringBuildWorkerExecutor.java:40)
	at org.gradle.internal.build.DefaultBuildLifecycleController.lambda$executeTasks$10(DefaultBuildLifecycleController.java:313)
	at org.gradle.internal.model.StateTransitionController.doTransition(StateTransitionController.java:266)
	at org.gradle.internal.model.StateTransitionController.lambda$tryTransition$8(StateTransitionController.java:177)
	at org.gradle.internal.work.DefaultSynchronizer.withLock(DefaultSynchronizer.java:46)
	at org.gradle.internal.model.StateTransitionController.tryTransition(StateTransitionController.java:177)
	at org.gradle.internal.build.DefaultBuildLifecycleController.executeTasks(DefaultBuildLifecycleController.java:304)
	at org.gradle.internal.build.DefaultBuildWorkGraphController$DefaultBuildWorkGraph.runWork(DefaultBuildWorkGraphController.java:220)
	at org.gradle.internal.work.DefaultWorkerLeaseService.withLocks(DefaultWorkerLeaseService.java:263)
	at org.gradle.internal.work.DefaultWorkerLeaseService.runAsWorkerThread(DefaultWorkerLeaseService.java:127)
	at org.gradle.composite.internal.DefaultBuildController.doRun(DefaultBuildController.java:181)
	at org.gradle.composite.internal.DefaultBuildController.access$000(DefaultBuildController.java:50)
	at org.gradle.composite.internal.DefaultBuildController$BuildOpRunnable.lambda$run$0(DefaultBuildController.java:198)
	at org.gradle.internal.operations.CurrentBuildOperationRef.with(CurrentBuildOperationRef.java:85)
	at org.gradle.composite.internal.DefaultBuildController$BuildOpRunnable.run(DefaultBuildController.java:198)
	at org.gradle.internal.concurrent.ExecutorPolicy$CatchAndRecordFailures.onExecute(ExecutorPolicy.java:64)
	at org.gradle.internal.concurrent.AbstractManagedExecutor$1.run(AbstractManagedExecutor.java:48)
Caused by: org.jetbrains.kotlin.gradle.tasks.CompilationErrorException: Compilation error. See log for more details
	at org.jetbrains.kotlin.gradle.tasks.TasksUtilsKt.throwExceptionIfCompilationFailed(tasksUtils.kt:21)
	at org.jetbrains.kotlin.compilerRunner.GradleKotlinCompilerWork.run(GradleKotlinCompilerWork.kt:119)
	at org.jetbrains.kotlin.compilerRunner.GradleCompilerRunnerWithWorkers$GradleKotlinCompilerWorkAction.execute(GradleCompilerRunnerWithWorkers.kt:76)
	at org.gradle.workers.internal.DefaultWorkerServer.execute(DefaultWorkerServer.java:63)
	at org.gradle.workers.internal.NoIsolationWorkerFactory$1$1.create(NoIsolationWorkerFactory.java:66)
	at org.gradle.workers.internal.NoIsolationWorkerFactory$1$1.create(NoIsolationWorkerFactory.java:62)
	at org.gradle.internal.classloader.ClassLoaderUtils.executeInClassloader(ClassLoaderUtils.java:100)
	at org.gradle.workers.internal.NoIsolationWorkerFactory$1.lambda$execute$0(NoIsolationWorkerFactory.java:62)
	at org.gradle.workers.internal.AbstractWorker$1.call(AbstractWorker.java:44)
	at org.gradle.workers.internal.AbstractWorker$1.call(AbstractWorker.java:41)
	at org.gradle.internal.operations.DefaultBuildOperationRunner$CallableBuildOperationWorker.execute(DefaultBuildOperationRunner.java:209)
	at org.gradle.internal.operations.DefaultBuildOperationRunner$CallableBuildOperationWorker.execute(DefaultBuildOperationRunner.java:204)
	at org.gradle.internal.operations.DefaultBuildOperationRunner$2.execute(DefaultBuildOperationRunner.java:66)
	at org.gradle.internal.operations.DefaultBuildOperationRunner$2.execute(DefaultBuildOperationRunner.java:59)
	at org.gradle.internal.operations.DefaultBuildOperationRunner.execute(DefaultBuildOperationRunner.java:166)
	at org.gradle.internal.operations.DefaultBuildOperationRunner.execute(DefaultBuildOperationRunner.java:59)
	at org.gradle.internal.operations.DefaultBuildOperationRunner.call(DefaultBuildOperationRunner.java:53)
	at org.gradle.workers.internal.AbstractWorker.executeWrappedInBuildOperation(AbstractWorker.java:41)
	at org.gradle.workers.internal.NoIsolationWorkerFactory$1.execute(NoIsolationWorkerFactory.java:59)
	at org.gradle.workers.internal.DefaultWorkerExecutor.lambda$submitWork$0(DefaultWorkerExecutor.java:174)
	at org.gradle.internal.work.DefaultConditionalExecutionQueue$ExecutionRunner.runExecution(DefaultConditionalExecutionQueue.java:194)
	at org.gradle.internal.work.DefaultConditionalExecutionQueue$ExecutionRunner.access$700(DefaultConditionalExecutionQueue.java:127)
	at org.gradle.internal.work.DefaultConditionalExecutionQueue$ExecutionRunner$1.run(DefaultConditionalExecutionQueue.java:169)
	at org.gradle.internal.Factories$1.create(Factories.java:31)
	at org.gradle.internal.work.DefaultWorkerLeaseService.withLocks(DefaultWorkerLeaseService.java:263)
	at org.gradle.internal.work.DefaultWorkerLeaseService.runAsWorkerThread(DefaultWorkerLeaseService.java:127)
	at org.gradle.internal.work.DefaultWorkerLeaseService.runAsWorkerThread(DefaultWorkerLeaseService.java:132)
	at org.gradle.internal.work.DefaultConditionalExecutionQueue$ExecutionRunner.runBatch(DefaultConditionalExecutionQueue.java:164)
	at org.gradle.internal.work.DefaultConditionalExecutionQueue$ExecutionRunner.run(DefaultConditionalExecutionQueue.java:133)
	... 2 more

==============================================================================

2: Task failed with an exception.
-----------
* What went wrong:
Execution failed for task ':FilmMakinesi:compileDebugKotlin'.
> A failure occurred while executing org.jetbrains.kotlin.compilerRunner.GradleCompilerRunnerWithWorkers$GradleKotlinCompilerWorkAction
   > Compilation error. See log for more details

* Try:
> Run with --info or --debug option to get more log output.
> Run with --scan to get full insights.
> Get more help at https://help.gradle.org.

* Exception is:
org.gradle.api.tasks.TaskExecutionException: Execution failed for task ':FilmMakinesi:compileDebugKotlin'.
	at org.gradle.api.internal.tasks.execution.ExecuteActionsTaskExecuter.lambda$executeIfValid$1(ExecuteActionsTaskExecuter.java:130)
	at org.gradle.internal.Try$Failure.ifSuccessfulOrElse(Try.java:293)
	at org.gradle.api.internal.tasks.execution.ExecuteActionsTaskExecuter.executeIfValid(ExecuteActionsTaskExecuter.java:128)
	at org.gradle.api.internal.tasks.execution.ExecuteActionsTaskExecuter.execute(ExecuteActionsTaskExecuter.java:116)
	at org.gradle.api.internal.tasks.execution.ProblemsTaskPathTrackingTaskExecuter.execute(ProblemsTaskPathTrackingTaskExecuter.java:40)
	at org.gradle.api.internal.tasks.execution.FinalizePropertiesTaskExecuter.execute(FinalizePropertiesTaskExecuter.java:46)
	at org.gradle.api.internal.tasks.execution.ResolveTaskExecutionModeExecuter.execute(ResolveTaskExecutionModeExecuter.java:51)
	at org.gradle.api.internal.tasks.execution.SkipTaskWithNoActionsExecuter.execute(SkipTaskWithNoActionsExecuter.java:57)
	at org.gradle.api.internal.tasks.execution.SkipOnlyIfTaskExecuter.execute(SkipOnlyIfTaskExecuter.java:74)
	at org.gradle.api.internal.tasks.execution.CatchExceptionTaskExecuter.execute(CatchExceptionTaskExecuter.java:36)
	at org.gradle.api.internal.tasks.execution.EventFiringTaskExecuter$1.executeTask(EventFiringTaskExecuter.java:77)
	at org.gradle.api.internal.tasks.execution.EventFiringTaskExecuter$1.call(EventFiringTaskExecuter.java:55)
	at org.gradle.api.internal.tasks.execution.EventFiringTaskExecuter$1.call(EventFiringTaskExecuter.java:52)
	at org.gradle.internal.operations.DefaultBuildOperationRunner$CallableBuildOperationWorker.execute(DefaultBuildOperationRunner.java:209)
	at org.gradle.internal.operations.DefaultBuildOperationRunner$CallableBuildOperationWorker.execute(DefaultBuildOperationRunner.java:204)
	at org.gradle.internal.operations.DefaultBuildOperationRunner$2.execute(DefaultBuildOperationRunner.java:66)
	at org.gradle.internal.operations.DefaultBuildOperationRunner$2.execute(DefaultBuildOperationRunner.java:59)
	at org.gradle.internal.operations.DefaultBuildOperationRunner.execute(DefaultBuildOperationRunner.java:166)
	at org.gradle.internal.operations.DefaultBuildOperationRunner.execute(DefaultBuildOperationRunner.java:59)
	at org.gradle.internal.operations.DefaultBuildOperationRunner.call(DefaultBuildOperationRunner.java:53)
	at org.gradle.api.internal.tasks.execution.EventFiringTaskExecuter.execute(EventFiringTaskExecuter.java:52)
	at org.gradle.execution.plan.LocalTaskNodeExecutor.execute(LocalTaskNodeExecutor.java:42)
	at org.gradle.execution.taskgraph.DefaultTaskExecutionGraph$InvokeNodeExecutorsAction.execute(DefaultTaskExecutionGraph.java:331)
	at org.gradle.execution.taskgraph.DefaultTaskExecutionGraph$InvokeNodeExecutorsAction.execute(DefaultTaskExecutionGraph.java:318)
	at org.gradle.execution.taskgraph.DefaultTaskExecutionGraph$BuildOperationAwareExecutionAction.lambda$execute$0(DefaultTaskExecutionGraph.java:314)
	at org.gradle.internal.operations.CurrentBuildOperationRef.with(CurrentBuildOperationRef.java:85)
	at org.gradle.execution.taskgraph.DefaultTaskExecutionGraph$BuildOperationAwareExecutionAction.execute(DefaultTaskExecutionGraph.java:314)
	at org.gradle.execution.taskgraph.DefaultTaskExecutionGraph$BuildOperationAwareExecutionAction.execute(DefaultTaskExecutionGraph.java:303)
	at org.gradle.execution.plan.DefaultPlanExecutor$ExecutorWorker.execute(DefaultPlanExecutor.java:459)
	at org.gradle.execution.plan.DefaultPlanExecutor$ExecutorWorker.run(DefaultPlanExecutor.java:376)
	at org.gradle.internal.concurrent.ExecutorPolicy$CatchAndRecordFailures.onExecute(ExecutorPolicy.java:64)
	at org.gradle.internal.concurrent.AbstractManagedExecutor$1.run(AbstractManagedExecutor.java:48)
	at java.base/java.util.concurrent.ThreadPoolExecutor.runWorker(ThreadPoolExecutor.java:1136)
	at java.base/java.util.concurrent.ThreadPoolExecutor$Worker.run(ThreadPoolExecutor.java:635)
	at java.base/java.lang.Thread.run(Thread.java:840)
Caused by: org.gradle.workers.internal.DefaultWorkerExecutor$WorkExecutionException: A failure occurred while executing org.jetbrains.kotlin.compilerRunner.GradleCompilerRunnerWithWorkers$GradleKotlinCompilerWorkAction
	at org.gradle.workers.internal.DefaultWorkerExecutor$WorkItemExecution.waitForCompletion(DefaultWorkerExecutor.java:287)
	at org.gradle.internal.work.DefaultAsyncWorkTracker.lambda$waitForItemsAndGatherFailures$2(DefaultAsyncWorkTracker.java:130)
	at org.gradle.internal.Factories$1.create(Factories.java:31)
	at org.gradle.internal.work.DefaultWorkerLeaseService.withoutLocks(DefaultWorkerLeaseService.java:335)
	at org.gradle.internal.work.DefaultWorkerLeaseService.withoutLocks(DefaultWorkerLeaseService.java:318)
	at org.gradle.internal.work.DefaultWorkerLeaseService.withoutLock(DefaultWorkerLeaseService.java:323)
	at org.gradle.internal.work.DefaultAsyncWorkTracker.waitForItemsAndGatherFailures(DefaultAsyncWorkTracker.java:126)
	at org.gradle.internal.work.DefaultAsyncWorkTracker.waitForItemsAndGatherFailures(DefaultAsyncWorkTracker.java:92)
	at org.gradle.internal.work.DefaultAsyncWorkTracker.waitForAll(DefaultAsyncWorkTracker.java:78)
	at org.gradle.internal.work.DefaultAsyncWorkTracker.waitForCompletion(DefaultAsyncWorkTracker.java:66)
	at org.gradle.api.internal.tasks.execution.TaskExecution$3.run(TaskExecution.java:252)
	at org.gradle.internal.operations.DefaultBuildOperationRunner$1.execute(DefaultBuildOperationRunner.java:29)
	at org.gradle.internal.operations.DefaultBuildOperationRunner$1.execute(DefaultBuildOperationRunner.java:26)
	at org.gradle.internal.operations.DefaultBuildOperationRunner$2.execute(DefaultBuildOperationRunner.java:66)
	at org.gradle.internal.operations.DefaultBuildOperationRunner$2.execute(DefaultBuildOperationRunner.java:59)
	at org.gradle.internal.operations.DefaultBuildOperationRunner.execute(DefaultBuildOperationRunner.java:166)
	at org.gradle.internal.operations.DefaultBuildOperationRunner.execute(DefaultBuildOperationRunner.java:59)
	at org.gradle.internal.operations.DefaultBuildOperationRunner.run(DefaultBuildOperationRunner.java:47)
	at org.gradle.api.internal.tasks.execution.TaskExecution.executeAction(TaskExecution.java:229)
	at org.gradle.api.internal.tasks.execution.TaskExecution.executeActions(TaskExecution.java:212)
	at org.gradle.api.internal.tasks.execution.TaskExecution.executeWithPreviousOutputFiles(TaskExecution.java:195)
	at org.gradle.api.internal.tasks.execution.TaskExecution.execute(TaskExecution.java:162)
	at org.gradle.internal.execution.steps.ExecuteStep.executeInternal(ExecuteStep.java:105)
	at org.gradle.internal.execution.steps.ExecuteStep.access$000(ExecuteStep.java:44)
	at org.gradle.internal.execution.steps.ExecuteStep$1.call(ExecuteStep.java:59)
	at org.gradle.internal.execution.steps.ExecuteStep$1.call(ExecuteStep.java:56)
	at org.gradle.internal.operations.DefaultBuildOperationRunner$CallableBuildOperationWorker.execute(DefaultBuildOperationRunner.java:209)
	at org.gradle.internal.operations.DefaultBuildOperationRunner$CallableBuildOperationWorker.execute(DefaultBuildOperationRunner.java:204)
	at org.gradle.internal.operations.DefaultBuildOperationRunner$2.execute(DefaultBuildOperationRunner.java:66)
	at org.gradle.internal.operations.DefaultBuildOperationRunner$2.execute(DefaultBuildOperationRunner.java:59)
	at org.gradle.internal.operations.DefaultBuildOperationRunner.execute(DefaultBuildOperationRunner.java:166)
	at org.gradle.internal.operations.DefaultBuildOperationRunner.execute(DefaultBuildOperationRunner.java:59)
	at org.gradle.internal.operations.DefaultBuildOperationRunner.call(DefaultBuildOperationRunner.java:53)
	at org.gradle.internal.execution.steps.ExecuteStep.execute(ExecuteStep.java:56)
	at org.gradle.internal.execution.steps.ExecuteStep.execute(ExecuteStep.java:44)
	at org.gradle.internal.execution.steps.CancelExecutionStep.execute(CancelExecutionStep.java:42)
	at org.gradle.internal.execution.steps.TimeoutStep.executeWithoutTimeout(TimeoutStep.java:75)
	at org.gradle.internal.execution.steps.TimeoutStep.execute(TimeoutStep.java:55)
	at org.gradle.internal.execution.steps.PreCreateOutputParentsStep.execute(PreCreateOutputParentsStep.java:50)
	at org.gradle.internal.execution.steps.PreCreateOutputParentsStep.execute(PreCreateOutputParentsStep.java:28)
	at org.gradle.internal.execution.steps.RemovePreviousOutputsStep.execute(RemovePreviousOutputsStep.java:67)
	at org.gradle.internal.execution.steps.RemovePreviousOutputsStep.execute(RemovePreviousOutputsStep.java:37)
	at org.gradle.internal.execution.steps.BroadcastChangingOutputsStep.execute(BroadcastChangingOutputsStep.java:61)
	at org.gradle.internal.execution.steps.BroadcastChangingOutputsStep.execute(BroadcastChangingOutputsStep.java:26)
	at org.gradle.internal.execution.steps.CaptureOutputsAfterExecutionStep.execute(CaptureOutputsAfterExecutionStep.java:69)
	at org.gradle.internal.execution.steps.CaptureOutputsAfterExecutionStep.execute(CaptureOutputsAfterExecutionStep.java:46)
	at org.gradle.internal.execution.steps.ResolveInputChangesStep.execute(ResolveInputChangesStep.java:40)
	at org.gradle.internal.execution.steps.ResolveInputChangesStep.execute(ResolveInputChangesStep.java:29)
	at org.gradle.internal.execution.steps.BuildCacheStep.executeWithoutCache(BuildCacheStep.java:189)
	at org.gradle.internal.execution.steps.BuildCacheStep.lambda$execute$1(BuildCacheStep.java:75)
	at org.gradle.internal.Either$Right.fold(Either.java:175)
	at org.gradle.internal.execution.caching.CachingState.fold(CachingState.java:62)
	at org.gradle.internal.execution.steps.BuildCacheStep.execute(BuildCacheStep.java:73)
	at org.gradle.internal.execution.steps.BuildCacheStep.execute(BuildCacheStep.java:48)
	at org.gradle.internal.execution.steps.StoreExecutionStateStep.execute(StoreExecutionStateStep.java:46)
	at org.gradle.internal.execution.steps.StoreExecutionStateStep.execute(StoreExecutionStateStep.java:35)
	at org.gradle.internal.execution.steps.SkipUpToDateStep.executeBecause(SkipUpToDateStep.java:75)
	at org.gradle.internal.execution.steps.SkipUpToDateStep.lambda$execute$2(SkipUpToDateStep.java:53)
	at java.base/java.util.Optional.orElseGet(Optional.java:364)
	at org.gradle.internal.execution.steps.SkipUpToDateStep.execute(SkipUpToDateStep.java:53)
	at org.gradle.internal.execution.steps.SkipUpToDateStep.execute(SkipUpToDateStep.java:35)
	at org.gradle.internal.execution.steps.legacy.MarkSnapshottingInputsFinishedStep.execute(MarkSnapshottingInputsFinishedStep.java:37)
	at org.gradle.internal.execution.steps.legacy.MarkSnapshottingInputsFinishedStep.execute(MarkSnapshottingInputsFinishedStep.java:27)
	at org.gradle.internal.execution.steps.ResolveIncrementalCachingStateStep.executeDelegate(ResolveIncrementalCachingStateStep.java:49)
	at org.gradle.internal.execution.steps.ResolveIncrementalCachingStateStep.executeDelegate(ResolveIncrementalCachingStateStep.java:27)
	at org.gradle.internal.execution.steps.AbstractResolveCachingStateStep.execute(AbstractResolveCachingStateStep.java:71)
	at org.gradle.internal.execution.steps.AbstractResolveCachingStateStep.execute(AbstractResolveCachingStateStep.java:39)
	at org.gradle.internal.execution.steps.ResolveChangesStep.execute(ResolveChangesStep.java:65)
	at org.gradle.internal.execution.steps.ResolveChangesStep.execute(ResolveChangesStep.java:36)
	at org.gradle.internal.execution.steps.ValidateStep.execute(ValidateStep.java:107)
	at org.gradle.internal.execution.steps.ValidateStep.execute(ValidateStep.java:56)
	at org.gradle.internal.execution.steps.AbstractCaptureStateBeforeExecutionStep.execute(AbstractCaptureStateBeforeExecutionStep.java:64)
	at org.gradle.internal.execution.steps.AbstractCaptureStateBeforeExecutionStep.execute(AbstractCaptureStateBeforeExecutionStep.java:43)
	at org.gradle.internal.execution.steps.AbstractSkipEmptyWorkStep.executeWithNonEmptySources(AbstractSkipEmptyWorkStep.java:125)
	at org.gradle.internal.execution.steps.AbstractSkipEmptyWorkStep.execute(AbstractSkipEmptyWorkStep.java:61)
	at org.gradle.internal.execution.steps.AbstractSkipEmptyWorkStep.execute(AbstractSkipEmptyWorkStep.java:36)
	at org.gradle.internal.execution.steps.legacy.MarkSnapshottingInputsStartedStep.execute(MarkSnapshottingInputsStartedStep.java:38)
	at org.gradle.internal.execution.steps.LoadPreviousExecutionStateStep.execute(LoadPreviousExecutionStateStep.java:36)
	at org.gradle.internal.execution.steps.LoadPreviousExecutionStateStep.execute(LoadPreviousExecutionStateStep.java:23)
	at org.gradle.internal.execution.steps.HandleStaleOutputsStep.execute(HandleStaleOutputsStep.java:75)
	at org.gradle.internal.execution.steps.HandleStaleOutputsStep.execute(HandleStaleOutputsStep.java:41)
	at org.gradle.internal.execution.steps.AssignMutableWorkspaceStep.lambda$execute$0(AssignMutableWorkspaceStep.java:35)
	at org.gradle.api.internal.tasks.execution.TaskExecution$4.withWorkspace(TaskExecution.java:289)
	at org.gradle.internal.execution.steps.AssignMutableWorkspaceStep.execute(AssignMutableWorkspaceStep.java:31)
	at org.gradle.internal.execution.steps.AssignMutableWorkspaceStep.execute(AssignMutableWorkspaceStep.java:22)
	at org.gradle.internal.execution.steps.ChoosePipelineStep.execute(ChoosePipelineStep.java:40)
	at org.gradle.internal.execution.steps.ChoosePipelineStep.execute(ChoosePipelineStep.java:23)
	at org.gradle.internal.execution.steps.ExecuteWorkBuildOperationFiringStep.lambda$execute$2(ExecuteWorkBuildOperationFiringStep.java:67)
	at java.base/java.util.Optional.orElseGet(Optional.java:364)
	at org.gradle.internal.execution.steps.ExecuteWorkBuildOperationFiringStep.execute(ExecuteWorkBuildOperationFiringStep.java:67)
	at org.gradle.internal.execution.steps.ExecuteWorkBuildOperationFiringStep.execute(ExecuteWorkBuildOperationFiringStep.java:39)
	at org.gradle.internal.execution.steps.IdentityCacheStep.execute(IdentityCacheStep.java:46)
	at org.gradle.internal.execution.steps.IdentityCacheStep.execute(IdentityCacheStep.java:34)
	at org.gradle.internal.execution.steps.IdentifyStep.execute(IdentifyStep.java:48)
	at org.gradle.internal.execution.steps.IdentifyStep.execute(IdentifyStep.java:35)
	at org.gradle.internal.execution.impl.DefaultExecutionEngine$1.execute(DefaultExecutionEngine.java:61)
	at org.gradle.api.internal.tasks.execution.ExecuteActionsTaskExecuter.executeIfValid(ExecuteActionsTaskExecuter.java:127)
	at org.gradle.api.internal.tasks.execution.ExecuteActionsTaskExecuter.execute(ExecuteActionsTaskExecuter.java:116)
	at org.gradle.api.internal.tasks.execution.ProblemsTaskPathTrackingTaskExecuter.execute(ProblemsTaskPathTrackingTaskExecuter.java:40)
	at org.gradle.api.internal.tasks.execution.FinalizePropertiesTaskExecuter.execute(FinalizePropertiesTaskExecuter.java:46)
	at org.gradle.api.internal.tasks.execution.ResolveTaskExecutionModeExecuter.execute(ResolveTaskExecutionModeExecuter.java:51)
	at org.gradle.api.internal.tasks.execution.SkipTaskWithNoActionsExecuter.execute(SkipTaskWithNoActionsExecuter.java:57)
	at org.gradle.api.internal.tasks.execution.SkipOnlyIfTaskExecuter.execute(SkipOnlyIfTaskExecuter.java:74)
	at org.gradle.api.internal.tasks.execution.CatchExceptionTaskExecuter.execute(CatchExceptionTaskExecuter.java:36)
	at org.gradle.api.internal.tasks.execution.EventFiringTaskExecuter$1.executeTask(EventFiringTaskExecuter.java:77)
	at org.gradle.api.internal.tasks.execution.EventFiringTaskExecuter$1.call(EventFiringTaskExecuter.java:55)
	at org.gradle.api.internal.tasks.execution.EventFiringTaskExecuter$1.call(EventFiringTaskExecuter.java:52)
	at org.gradle.internal.operations.DefaultBuildOperationRunner$CallableBuildOperationWorker.execute(DefaultBuildOperationRunner.java:209)
	at org.gradle.internal.operations.DefaultBuildOperationRunner$CallableBuildOperationWorker.execute(DefaultBuildOperationRunner.java:204)
	at org.gradle.internal.operations.DefaultBuildOperationRunner$2.execute(DefaultBuildOperationRunner.java:66)
	at org.gradle.internal.operations.DefaultBuildOperationRunner$2.execute(DefaultBuildOperationRunner.java:59)
	at org.gradle.internal.operations.DefaultBuildOperationRunner.execute(DefaultBuildOperationRunner.java:166)
	at org.gradle.internal.operations.DefaultBuildOperationRunner.execute(DefaultBuildOperationRunner.java:59)
	at org.gradle.internal.operations.DefaultBuildOperationRunner.call(DefaultBuildOperationRunner.java:53)
	at org.gradle.api.internal.tasks.execution.EventFiringTaskExecuter.execute(EventFiringTaskExecuter.java:52)
	at org.gradle.execution.plan.LocalTaskNodeExecutor.execute(LocalTaskNodeExecutor.java:42)
	at org.gradle.execution.taskgraph.DefaultTaskExecutionGraph$InvokeNodeExecutorsAction.execute(DefaultTaskExecutionGraph.java:331)
	at org.gradle.execution.taskgraph.DefaultTaskExecutionGraph$InvokeNodeExecutorsAction.execute(DefaultTaskExecutionGraph.java:318)
	at org.gradle.execution.taskgraph.DefaultTaskExecutionGraph$BuildOperationAwareExecutionAction.lambda$execute$0(DefaultTaskExecutionGraph.java:314)
	at org.gradle.internal.operations.CurrentBuildOperationRef.with(CurrentBuildOperationRef.java:85)
	at org.gradle.execution.taskgraph.DefaultTaskExecutionGraph$BuildOperationAwareExecutionAction.execute(DefaultTaskExecutionGraph.java:314)
	at org.gradle.execution.taskgraph.DefaultTaskExecutionGraph$BuildOperationAwareExecutionAction.execute(DefaultTaskExecutionGraph.java:303)
	at org.gradle.execution.plan.DefaultPlanExecutor$ExecutorWorker.execute(DefaultPlanExecutor.java:459)
	at org.gradle.execution.plan.DefaultPlanExecutor$ExecutorWorker.run(DefaultPlanExecutor.java:376)
	at org.gradle.internal.concurrent.ExecutorPolicy$CatchAndRecordFailures.onExecute(ExecutorPolicy.java:64)
	at org.gradle.internal.concurrent.AbstractManagedExecutor$1.run(AbstractManagedExecutor.java:48)
	at java.base/java.util.concurrent.ThreadPoolExecutor.runWorker(ThreadPoolExecutor.java:1136)
	at java.base/java.util.concurrent.ThreadPoolExecutor$Worker.run(ThreadPoolExecutor.java:635)
	at java.base/java.lang.Thread.run(Thread.java:840)
Caused by: org.jetbrains.kotlin.gradle.tasks.CompilationErrorException: Compilation error. See log for more details
	at org.jetbrains.kotlin.gradle.tasks.TasksUtilsKt.throwExceptionIfCompilationFailed(tasksUtils.kt:21)
	at org.jetbrains.kotlin.compilerRunner.GradleKotlinCompilerWork.run(GradleKotlinCompilerWork.kt:119)
	at org.jetbrains.kotlin.compilerRunner.GradleCompilerRunnerWithWorkers$GradleKotlinCompilerWorkAction.execute(GradleCompilerRunnerWithWorkers.kt:76)
	at org.gradle.workers.internal.DefaultWorkerServer.execute(DefaultWorkerServer.java:63)
	at org.gradle.workers.internal.NoIsolationWorkerFactory$1$1.create(NoIsolationWorkerFactory.java:66)
	at org.gradle.workers.internal.NoIsolationWorkerFactory$1$1.create(NoIsolationWorkerFactory.java:62)
	at org.gradle.internal.classloader.ClassLoaderUtils.executeInClassloader(ClassLoaderUtils.java:100)
	at org.gradle.workers.internal.NoIsolationWorkerFactory$1.lambda$execute$0(NoIsolationWorkerFactory.java:62)
	at org.gradle.workers.internal.AbstractWorker$1.call(AbstractWorker.java:44)
	at org.gradle.workers.internal.AbstractWorker$1.call(AbstractWorker.java:41)
	at org.gradle.internal.operations.DefaultBuildOperationRunner$CallableBuildOperationWorker.execute(DefaultBuildOperationRunner.java:209)
	at org.gradle.internal.operations.DefaultBuildOperationRunner$CallableBuildOperationWorker.execute(DefaultBuildOperationRunner.java:204)
	at org.gradle.internal.operations.DefaultBuildOperationRunner$2.execute(DefaultBuildOperationRunner.java:66)
	at org.gradle.internal.operations.DefaultBuildOperationRunner$2.execute(DefaultBuildOperationRunner.java:59)
	at org.gradle.internal.operations.DefaultBuildOperationRunner.execute(DefaultBuildOperationRunner.java:166)
	at org.gradle.internal.operations.DefaultBuildOperationRunner.execute(DefaultBuildOperationRunner.java:59)
	at org.gradle.internal.operations.DefaultBuildOperationRunner.call(DefaultBuildOperationRunner.java:53)
	at org.gradle.workers.internal.AbstractWorker.executeWrappedInBuildOperation(AbstractWorker.java:41)
	at org.gradle.workers.internal.NoIsolationWorkerFactory$1.execute(NoIsolationWorkerFactory.java:59)
	at org.gradle.workers.internal.DefaultWorkerExecutor.lambda$submitWork$0(DefaultWorkerExecutor.java:174)
	at java.base/java.util.concurrent.FutureTask.run(FutureTask.java:264)
	at org.gradle.internal.work.DefaultConditionalExecutionQueue$ExecutionRunner.runExecution(DefaultConditionalExecutionQueue.java:194)
	at org.gradle.internal.work.DefaultConditionalExecutionQueue$ExecutionRunner.access$700(DefaultConditionalExecutionQueue.java:127)
	at org.gradle.internal.work.DefaultConditionalExecutionQueue$ExecutionRunner$1.run(DefaultConditionalExecutionQueue.java:169)
	at org.gradle.internal.Factories$1.create(Factories.java:31)
	at org.gradle.internal.work.DefaultWorkerLeaseService.withLocks(DefaultWorkerLeaseService.java:263)
	at org.gradle.internal.work.DefaultWorkerLeaseService.runAsWorkerThread(DefaultWorkerLeaseService.java:127)
	at org.gradle.internal.work.DefaultWorkerLeaseService.runAsWorkerThread(DefaultWorkerLeaseService.java:132)
	at org.gradle.internal.work.DefaultConditionalExecutionQueue$ExecutionRunner.runBatch(DefaultConditionalExecutionQueue.java:164)
	at org.gradle.internal.work.DefaultConditionalExecutionQueue$ExecutionRunner.run(DefaultConditionalExecutionQueue.java:133)
	at java.base/java.util.concurrent.Executors$RunnableAdapter.call(Executors.java:539)
	at java.base/java.util.concurrent.FutureTask.run(FutureTask.java:264)
	... 5 more

==============================================================================

3: Task failed with an exception.
-----------
* What went wrong:
Execution failed for task ':CanliTV:compileDebugKotlin'.
> A failure occurred while executing org.jetbrains.kotlin.compilerRunner.GradleCompilerRunnerWithWorkers$GradleKotlinCompilerWorkAction
   > Compilation error. See log for more details

* Try:
> Run with --info or --debug option to get more log output.
> Run with --scan to get full insights.
> Get more help at https://help.gradle.org.

* Exception is:
org.gradle.api.tasks.TaskExecutionException: Execution failed for task ':CanliTV:compileDebugKotlin'.
	at org.gradle.api.internal.tasks.execution.ExecuteActionsTaskExecuter.lambda$executeIfValid$1(ExecuteActionsTaskExecuter.java:130)
	at org.gradle.internal.Try$Failure.ifSuccessfulOrElse(Try.java:293)
	at org.gradle.api.internal.tasks.execution.ExecuteActionsTaskExecuter.executeIfValid(ExecuteActionsTaskExecuter.java:128)
	at org.gradle.api.internal.tasks.execution.ExecuteActionsTaskExecuter.execute(ExecuteActionsTaskExecuter.java:116)
	at org.gradle.api.internal.tasks.execution.ProblemsTaskPathTrackingTaskExecuter.execute(ProblemsTaskPathTrackingTaskExecuter.java:40)
	at org.gradle.api.internal.tasks.execution.FinalizePropertiesTaskExecuter.execute(FinalizePropertiesTaskExecuter.java:46)
	at org.gradle.api.internal.tasks.execution.ResolveTaskExecutionModeExecuter.execute(ResolveTaskExecutionModeExecuter.java:51)
	at org.gradle.api.internal.tasks.execution.SkipTaskWithNoActionsExecuter.execute(SkipTaskWithNoActionsExecuter.java:57)
	at org.gradle.api.internal.tasks.execution.SkipOnlyIfTaskExecuter.execute(SkipOnlyIfTaskExecuter.java:74)
	at org.gradle.api.internal.tasks.execution.CatchExceptionTaskExecuter.execute(CatchExceptionTaskExecuter.java:36)
	at org.gradle.api.internal.tasks.execution.EventFiringTaskExecuter$1.executeTask(EventFiringTaskExecuter.java:77)
	at org.gradle.api.internal.tasks.execution.EventFiringTaskExecuter$1.call(EventFiringTaskExecuter.java:55)
	at org.gradle.api.internal.tasks.execution.EventFiringTaskExecuter$1.call(EventFiringTaskExecuter.java:52)
	at org.gradle.internal.operations.DefaultBuildOperationRunner$CallableBuildOperationWorker.execute(DefaultBuildOperationRunner.java:209)
	at org.gradle.internal.operations.DefaultBuildOperationRunner$CallableBuildOperationWorker.execute(DefaultBuildOperationRunner.java:204)
	at org.gradle.internal.operations.DefaultBuildOperationRunner$2.execute(DefaultBuildOperationRunner.java:66)
	at org.gradle.internal.operations.DefaultBuildOperationRunner$2.execute(DefaultBuildOperationRunner.java:59)
	at org.gradle.internal.operations.DefaultBuildOperationRunner.execute(DefaultBuildOperationRunner.java:166)
	at org.gradle.internal.operations.DefaultBuildOperationRunner.execute(DefaultBuildOperationRunner.java:59)
	at org.gradle.internal.operations.DefaultBuildOperationRunner.call(DefaultBuildOperationRunner.java:53)
	at org.gradle.api.internal.tasks.execution.EventFiringTaskExecuter.execute(EventFiringTaskExecuter.java:52)
	at org.gradle.execution.plan.LocalTaskNodeExecutor.execute(LocalTaskNodeExecutor.java:42)
	at org.gradle.execution.taskgraph.DefaultTaskExecutionGraph$InvokeNodeExecutorsAction.execute(DefaultTaskExecutionGraph.java:331)
	at org.gradle.execution.taskgraph.DefaultTaskExecutionGraph$InvokeNodeExecutorsAction.execute(DefaultTaskExecutionGraph.java:318)
	at org.gradle.execution.taskgraph.DefaultTaskExecutionGraph$BuildOperationAwareExecutionAction.lambda$execute$0(DefaultTaskExecutionGraph.java:314)
	at org.gradle.internal.operations.CurrentBuildOperationRef.with(CurrentBuildOperationRef.java:85)
	at org.gradle.execution.taskgraph.DefaultTaskExecutionGraph$BuildOperationAwareExecutionAction.execute(DefaultTaskExecutionGraph.java:314)
	at org.gradle.execution.taskgraph.DefaultTaskExecutionGraph$BuildOperationAwareExecutionAction.execute(DefaultTaskExecutionGraph.java:303)
	at org.gradle.execution.plan.DefaultPlanExecutor$ExecutorWorker.execute(DefaultPlanExecutor.java:459)
	at org.gradle.execution.plan.DefaultPlanExecutor$ExecutorWorker.run(DefaultPlanExecutor.java:376)
	at org.gradle.internal.concurrent.ExecutorPolicy$CatchAndRecordFailures.onExecute(ExecutorPolicy.java:64)
	at org.gradle.internal.concurrent.AbstractManagedExecutor$1.run(AbstractManagedExecutor.java:48)
	at java.base/java.util.concurrent.ThreadPoolExecutor.runWorker(ThreadPoolExecutor.java:1136)
	at java.base/java.util.concurrent.ThreadPoolExecutor$Worker.run(ThreadPoolExecutor.java:635)
	at java.base/java.lang.Thread.run(Thread.java:840)
Caused by: org.gradle.workers.internal.DefaultWorkerExecutor$WorkExecutionException: A failure occurred while executing org.jetbrains.kotlin.compilerRunner.GradleCompilerRunnerWithWorkers$GradleKotlinCompilerWorkAction
	at org.gradle.workers.internal.DefaultWorkerExecutor$WorkItemExecution.waitForCompletion(DefaultWorkerExecutor.java:287)
	at org.gradle.internal.work.DefaultAsyncWorkTracker.lambda$waitForItemsAndGatherFailures$2(DefaultAsyncWorkTracker.java:130)
	at org.gradle.internal.Factories$1.create(Factories.java:31)
	at org.gradle.internal.work.DefaultWorkerLeaseService.withoutLocks(DefaultWorkerLeaseService.java:335)
	at org.gradle.internal.work.DefaultWorkerLeaseService.withoutLocks(DefaultWorkerLeaseService.java:318)
	at org.gradle.internal.work.DefaultWorkerLeaseService.withoutLock(DefaultWorkerLeaseService.java:323)
	at org.gradle.internal.work.DefaultAsyncWorkTracker.waitForItemsAndGatherFailures(DefaultAsyncWorkTracker.java:126)
	at org.gradle.internal.work.DefaultAsyncWorkTracker.waitForItemsAndGatherFailures(DefaultAsyncWorkTracker.java:92)
	at org.gradle.internal.work.DefaultAsyncWorkTracker.waitForAll(DefaultAsyncWorkTracker.java:78)
	at org.gradle.internal.work.DefaultAsyncWorkTracker.waitForCompletion(DefaultAsyncWorkTracker.java:66)
	at org.gradle.api.internal.tasks.execution.TaskExecution$3.run(TaskExecution.java:252)
	at org.gradle.internal.operations.DefaultBuildOperationRunner$1.execute(DefaultBuildOperationRunner.java:29)
	at org.gradle.internal.operations.DefaultBuildOperationRunner$1.execute(DefaultBuildOperationRunner.java:26)
	at org.gradle.internal.operations.DefaultBuildOperationRunner$2.execute(DefaultBuildOperationRunner.java:66)
	at org.gradle.internal.operations.DefaultBuildOperationRunner$2.execute(DefaultBuildOperationRunner.java:59)
	at org.gradle.internal.operations.DefaultBuildOperationRunner.execute(DefaultBuildOperationRunner.java:166)
	at org.gradle.internal.operations.DefaultBuildOperationRunner.execute(DefaultBuildOperationRunner.java:59)
	at org.gradle.internal.operations.DefaultBuildOperationRunner.run(DefaultBuildOperationRunner.java:47)
	at org.gradle.api.internal.tasks.execution.TaskExecution.executeAction(TaskExecution.java:229)
	at org.gradle.api.internal.tasks.execution.TaskExecution.executeActions(TaskExecution.java:212)
	at org.gradle.api.internal.tasks.execution.TaskExecution.executeWithPreviousOutputFiles(TaskExecution.java:195)
	at org.gradle.api.internal.tasks.execution.TaskExecution.execute(TaskExecution.java:162)
	at org.gradle.internal.execution.steps.ExecuteStep.executeInternal(ExecuteStep.java:105)
	at org.gradle.internal.execution.steps.ExecuteStep.access$000(ExecuteStep.java:44)
	at org.gradle.internal.execution.steps.ExecuteStep$1.call(ExecuteStep.java:59)
	at org.gradle.internal.execution.steps.ExecuteStep$1.call(ExecuteStep.java:56)
	at org.gradle.internal.operations.DefaultBuildOperationRunner$CallableBuildOperationWorker.execute(DefaultBuildOperationRunner.java:209)
	at org.gradle.internal.operations.DefaultBuildOperationRunner$CallableBuildOperationWorker.execute(DefaultBuildOperationRunner.java:204)
	at org.gradle.internal.operations.DefaultBuildOperationRunner$2.execute(DefaultBuildOperationRunner.java:66)
	at org.gradle.internal.operations.DefaultBuildOperationRunner$2.execute(DefaultBuildOperationRunner.java:59)
	at org.gradle.internal.operations.DefaultBuildOperationRunner.execute(DefaultBuildOperationRunner.java:166)
	at org.gradle.internal.operations.DefaultBuildOperationRunner.execute(DefaultBuildOperationRunner.java:59)
	at org.gradle.internal.operations.DefaultBuildOperationRunner.call(DefaultBuildOperationRunner.java:53)
	at org.gradle.internal.execution.steps.ExecuteStep.execute(ExecuteStep.java:56)
	at org.gradle.internal.execution.steps.ExecuteStep.execute(ExecuteStep.java:44)
	at org.gradle.internal.execution.steps.CancelExecutionStep.execute(CancelExecutionStep.java:42)
	at org.gradle.internal.execution.steps.TimeoutStep.executeWithoutTimeout(TimeoutStep.java:75)
	at org.gradle.internal.execution.steps.TimeoutStep.execute(TimeoutStep.java:55)
	at org.gradle.internal.execution.steps.PreCreateOutputParentsStep.execute(PreCreateOutputParentsStep.java:50)
	at org.gradle.internal.execution.steps.PreCreateOutputParentsStep.execute(PreCreateOutputParentsStep.java:28)
	at org.gradle.internal.execution.steps.RemovePreviousOutputsStep.execute(RemovePreviousOutputsStep.java:67)
	at org.gradle.internal.execution.steps.RemovePreviousOutputsStep.execute(RemovePreviousOutputsStep.java:37)
	at org.gradle.internal.execution.steps.BroadcastChangingOutputsStep.execute(BroadcastChangingOutputsStep.java:61)
	at org.gradle.internal.execution.steps.BroadcastChangingOutputsStep.execute(BroadcastChangingOutputsStep.java:26)
	at org.gradle.internal.execution.steps.CaptureOutputsAfterExecutionStep.execute(CaptureOutputsAfterExecutionStep.java:69)
	at org.gradle.internal.execution.steps.CaptureOutputsAfterExecutionStep.execute(CaptureOutputsAfterExecutionStep.java:46)
	at org.gradle.internal.execution.steps.ResolveInputChangesStep.execute(ResolveInputChangesStep.java:40)
	at org.gradle.internal.execution.steps.ResolveInputChangesStep.execute(ResolveInputChangesStep.java:29)
	at org.gradle.internal.execution.steps.BuildCacheStep.executeWithoutCache(BuildCacheStep.java:189)
	at org.gradle.internal.execution.steps.BuildCacheStep.lambda$execute$1(BuildCacheStep.java:75)
	at org.gradle.internal.Either$Right.fold(Either.java:175)
	at org.gradle.internal.execution.caching.CachingState.fold(CachingState.java:62)
	at org.gradle.internal.execution.steps.BuildCacheStep.execute(BuildCacheStep.java:73)
	at org.gradle.internal.execution.steps.BuildCacheStep.execute(BuildCacheStep.java:48)
	at org.gradle.internal.execution.steps.StoreExecutionStateStep.execute(StoreExecutionStateStep.java:46)
	at org.gradle.internal.execution.steps.StoreExecutionStateStep.execute(StoreExecutionStateStep.java:35)
	at org.gradle.internal.execution.steps.SkipUpToDateStep.executeBecause(SkipUpToDateStep.java:75)
	at org.gradle.internal.execution.steps.SkipUpToDateStep.lambda$execute$2(SkipUpToDateStep.java:53)
	at java.base/java.util.Optional.orElseGet(Optional.java:364)
	at org.gradle.internal.execution.steps.SkipUpToDateStep.execute(SkipUpToDateStep.java:53)
	at org.gradle.internal.execution.steps.SkipUpToDateStep.execute(SkipUpToDateStep.java:35)
	at org.gradle.internal.execution.steps.legacy.MarkSnapshottingInputsFinishedStep.execute(MarkSnapshottingInputsFinishedStep.java:37)
	at org.gradle.internal.execution.steps.legacy.MarkSnapshottingInputsFinishedStep.execute(MarkSnapshottingInputsFinishedStep.java:27)
	at org.gradle.internal.execution.steps.ResolveIncrementalCachingStateStep.executeDelegate(ResolveIncrementalCachingStateStep.java:49)
	at org.gradle.internal.execution.steps.ResolveIncrementalCachingStateStep.executeDelegate(ResolveIncrementalCachingStateStep.java:27)
	at org.gradle.internal.execution.steps.AbstractResolveCachingStateStep.execute(AbstractResolveCachingStateStep.java:71)
	at org.gradle.internal.execution.steps.AbstractResolveCachingStateStep.execute(AbstractResolveCachingStateStep.java:39)
	at org.gradle.internal.execution.steps.ResolveChangesStep.execute(ResolveChangesStep.java:65)
	at org.gradle.internal.execution.steps.ResolveChangesStep.execute(ResolveChangesStep.java:36)
	at org.gradle.internal.execution.steps.ValidateStep.execute(ValidateStep.java:107)
	at org.gradle.internal.execution.steps.ValidateStep.execute(ValidateStep.java:56)
	at org.gradle.internal.execution.steps.AbstractCaptureStateBeforeExecutionStep.execute(AbstractCaptureStateBeforeExecutionStep.java:64)
	at org.gradle.internal.execution.steps.AbstractCaptureStateBeforeExecutionStep.execute(AbstractCaptureStateBeforeExecutionStep.java:43)
	at org.gradle.internal.execution.steps.AbstractSkipEmptyWorkStep.executeWithNonEmptySources(AbstractSkipEmptyWorkStep.java:125)
	at org.gradle.internal.execution.steps.AbstractSkipEmptyWorkStep.execute(AbstractSkipEmptyWorkStep.java:61)
	at org.gradle.internal.execution.steps.AbstractSkipEmptyWorkStep.execute(AbstractSkipEmptyWorkStep.java:36)
	at org.gradle.internal.execution.steps.legacy.MarkSnapshottingInputsStartedStep.execute(MarkSnapshottingInputsStartedStep.java:38)
	at org.gradle.internal.execution.steps.LoadPreviousExecutionStateStep.execute(LoadPreviousExecutionStateStep.java:36)
	at org.gradle.internal.execution.steps.LoadPreviousExecutionStateStep.execute(LoadPreviousExecutionStateStep.java:23)
	at org.gradle.internal.execution.steps.HandleStaleOutputsStep.execute(HandleStaleOutputsStep.java:75)
	at org.gradle.internal.execution.steps.HandleStaleOutputsStep.execute(HandleStaleOutputsStep.java:41)
	at org.gradle.internal.execution.steps.AssignMutableWorkspaceStep.lambda$execute$0(AssignMutableWorkspaceStep.java:35)
	at org.gradle.api.internal.tasks.execution.TaskExecution$4.withWorkspace(TaskExecution.java:289)
	at org.gradle.internal.execution.steps.AssignMutableWorkspaceStep.execute(AssignMutableWorkspaceStep.java:31)
	at org.gradle.internal.execution.steps.AssignMutableWorkspaceStep.execute(AssignMutableWorkspaceStep.java:22)
	at org.gradle.internal.execution.steps.ChoosePipelineStep.execute(ChoosePipelineStep.java:40)
	at org.gradle.internal.execution.steps.ChoosePipelineStep.execute(ChoosePipelineStep.java:23)
	at org.gradle.internal.execution.steps.ExecuteWorkBuildOperationFiringStep.lambda$execute$2(ExecuteWorkBuildOperationFiringStep.java:67)
	at java.base/java.util.Optional.orElseGet(Optional.java:364)
	at org.gradle.internal.execution.steps.ExecuteWorkBuildOperationFiringStep.execute(ExecuteWorkBuildOperationFiringStep.java:67)
	at org.gradle.internal.execution.steps.ExecuteWorkBuildOperationFiringStep.execute(ExecuteWorkBuildOperationFiringStep.java:39)
	at org.gradle.internal.execution.steps.IdentityCacheStep.execute(IdentityCacheStep.java:46)
	at org.gradle.internal.execution.steps.IdentityCacheStep.execute(IdentityCacheStep.java:34)
	at org.gradle.internal.execution.steps.IdentifyStep.execute(IdentifyStep.java:48)
	at org.gradle.internal.execution.steps.IdentifyStep.execute(IdentifyStep.java:35)
	at org.gradle.internal.execution.impl.DefaultExecutionEngine$1.execute(DefaultExecutionEngine.java:61)
	at org.gradle.api.internal.tasks.execution.ExecuteActionsTaskExecuter.executeIfValid(ExecuteActionsTaskExecuter.java:127)
	at org.gradle.api.internal.tasks.execution.ExecuteActionsTaskExecuter.execute(ExecuteActionsTaskExecuter.java:116)
	at org.gradle.api.internal.tasks.execution.ProblemsTaskPathTrackingTaskExecuter.execute(ProblemsTaskPathTrackingTaskExecuter.java:40)
	at org.gradle.api.internal.tasks.execution.FinalizePropertiesTaskExecuter.execute(FinalizePropertiesTaskExecuter.java:46)
	at org.gradle.api.internal.tasks.execution.ResolveTaskExecutionModeExecuter.execute(ResolveTaskExecutionModeExecuter.java:51)
	at org.gradle.api.internal.tasks.execution.SkipTaskWithNoActionsExecuter.execute(SkipTaskWithNoActionsExecuter.java:57)
	at org.gradle.api.internal.tasks.execution.SkipOnlyIfTaskExecuter.execute(SkipOnlyIfTaskExecuter.java:74)
	at org.gradle.api.internal.tasks.execution.CatchExceptionTaskExecuter.execute(CatchExceptionTaskExecuter.java:36)
	at org.gradle.api.internal.tasks.execution.EventFiringTaskExecuter$1.executeTask(EventFiringTaskExecuter.java:77)
	at org.gradle.api.internal.tasks.execution.EventFiringTaskExecuter$1.call(EventFiringTaskExecuter.java:55)
	at org.gradle.api.internal.tasks.execution.EventFiringTaskExecuter$1.call(EventFiringTaskExecuter.java:52)
	at org.gradle.internal.operations.DefaultBuildOperationRunner$CallableBuildOperationWorker.execute(DefaultBuildOperationRunner.java:209)
	at org.gradle.internal.operations.DefaultBuildOperationRunner$CallableBuildOperationWorker.execute(DefaultBuildOperationRunner.java:204)
	at org.gradle.internal.operations.DefaultBuildOperationRunner$2.execute(DefaultBuildOperationRunner.java:66)
	at org.gradle.internal.operations.DefaultBuildOperationRunner$2.execute(DefaultBuildOperationRunner.java:59)
	at org.gradle.internal.operations.DefaultBuildOperationRunner.execute(DefaultBuildOperationRunner.java:166)
	at org.gradle.internal.operations.DefaultBuildOperationRunner.execute(DefaultBuildOperationRunner.java:59)
	at org.gradle.internal.operations.DefaultBuildOperationRunner.call(DefaultBuildOperationRunner.java:53)
	at org.gradle.api.internal.tasks.execution.EventFiringTaskExecuter.execute(EventFiringTaskExecuter.java:52)
	at org.gradle.execution.plan.LocalTaskNodeExecutor.execute(LocalTaskNodeExecutor.java:42)
	at org.gradle.execution.taskgraph.DefaultTaskExecutionGraph$InvokeNodeExecutorsAction.execute(DefaultTaskExecutionGraph.java:331)
	at org.gradle.execution.taskgraph.DefaultTaskExecutionGraph$InvokeNodeExecutorsAction.execute(DefaultTaskExecutionGraph.java:318)
	at org.gradle.execution.taskgraph.DefaultTaskExecutionGraph$BuildOperationAwareExecutionAction.lambda$execute$0(DefaultTaskExecutionGraph.java:314)
	at org.gradle.internal.operations.CurrentBuildOperationRef.with(CurrentBuildOperationRef.java:85)
	at org.gradle.execution.taskgraph.DefaultTaskExecutionGraph$BuildOperationAwareExecutionAction.execute(DefaultTaskExecutionGraph.java:314)
	at org.gradle.execution.taskgraph.DefaultTaskExecutionGraph$BuildOperationAwareExecutionAction.execute(DefaultTaskExecutionGraph.java:303)
	at org.gradle.execution.plan.DefaultPlanExecutor$ExecutorWorker.execute(DefaultPlanExecutor.java:459)
	at org.gradle.execution.plan.DefaultPlanExecutor$ExecutorWorker.run(DefaultPlanExecutor.java:376)
	at org.gradle.internal.concurrent.ExecutorPolicy$CatchAndRecordFailures.onExecute(ExecutorPolicy.java:64)
	at org.gradle.internal.concurrent.AbstractManagedExecutor$1.run(AbstractManagedExecutor.java:48)
	at java.base/java.util.concurrent.ThreadPoolExecutor.runWorker(ThreadPoolExecutor.java:1136)
	at java.base/java.util.concurrent.ThreadPoolExecutor$Worker.run(ThreadPoolExecutor.java:635)
	at java.base/java.lang.Thread.run(Thread.java:840)
Caused by: org.jetbrains.kotlin.gradle.tasks.CompilationErrorException: Compilation error. See log for more details
	at org.jetbrains.kotlin.gradle.tasks.TasksUtilsKt.throwExceptionIfCompilationFailed(tasksUtils.kt:21)
	at org.jetbrains.kotlin.compilerRunner.GradleKotlinCompilerWork.run(GradleKotlinCompilerWork.kt:119)
	at org.jetbrains.kotlin.compilerRunner.GradleCompilerRunnerWithWorkers$GradleKotlinCompilerWorkAction.execute(GradleCompilerRunnerWithWorkers.kt:76)
	at org.gradle.workers.internal.DefaultWorkerServer.execute(DefaultWorkerServer.java:63)
	at org.gradle.workers.internal.NoIsolationWorkerFactory$1$1.create(NoIsolationWorkerFactory.java:66)
	at org.gradle.workers.internal.NoIsolationWorkerFactory$1$1.create(NoIsolationWorkerFactory.java:62)
	at org.gradle.internal.classloader.ClassLoaderUtils.executeInClassloader(ClassLoaderUtils.java:100)
	at org.gradle.workers.internal.NoIsolationWorkerFactory$1.lambda$execute$0(NoIsolationWorkerFactory.java:62)
	at org.gradle.workers.internal.AbstractWorker$1.call(AbstractWorker.java:44)
	at org.gradle.workers.internal.AbstractWorker$1.call(AbstractWorker.java:41)
	at org.gradle.internal.operations.DefaultBuildOperationRunner$CallableBuildOperationWorker.execute(DefaultBuildOperationRunner.java:209)
	at org.gradle.internal.operations.DefaultBuildOperationRunner$CallableBuildOperationWorker.execute(DefaultBuildOperationRunner.java:204)
	at org.gradle.internal.operations.DefaultBuildOperationRunner$2.execute(DefaultBuildOperationRunner.java:66)
	at org.gradle.internal.operations.DefaultBuildOperationRunner$2.execute(DefaultBuildOperationRunner.java:59)
	at org.gradle.internal.operations.DefaultBuildOperationRunner.execute(DefaultBuildOperationRunner.java:166)
	at org.gradle.internal.operations.DefaultBuildOperationRunner.execute(DefaultBuildOperationRunner.java:59)
	at org.gradle.internal.operations.DefaultBuildOperationRunner.call(DefaultBuildOperationRunner.java:53)
	at org.gradle.workers.internal.AbstractWorker.executeWrappedInBuildOperation(AbstractWorker.java:41)
	at org.gradle.workers.internal.NoIsolationWorkerFactory$1.execute(NoIsolationWorkerFactory.java:59)
	at org.gradle.workers.internal.DefaultWorkerExecutor.lambda$submitWork$0(DefaultWorkerExecutor.java:174)
	at java.base/java.util.concurrent.FutureTask.run(FutureTask.java:264)
	at org.gradle.internal.work.DefaultConditionalExecutionQueue$ExecutionRunner.runExecution(DefaultConditionalExecutionQueue.java:194)
	at org.gradle.internal.work.DefaultConditionalExecutionQueue$ExecutionRunner.access$700(DefaultConditionalExecutionQueue.java:127)
	at org.gradle.internal.work.DefaultConditionalExecutionQueue$ExecutionRunner$1.run(DefaultConditionalExecutionQueue.java:169)
	at org.gradle.internal.Factories$1.create(Factories.java:31)
	at org.gradle.internal.work.DefaultWorkerLeaseService.withLocks(DefaultWorkerLeaseService.java:263)
	at org.gradle.internal.work.DefaultWorkerLeaseService.runAsWorkerThread(DefaultWorkerLeaseService.java:127)
	at org.gradle.internal.work.DefaultWorkerLeaseService.runAsWorkerThread(DefaultWorkerLeaseService.java:132)
	at org.gradle.internal.work.DefaultConditionalExecutionQueue$ExecutionRunner.runBatch(DefaultConditionalExecutionQueue.java:164)
	at org.gradle.internal.work.DefaultConditionalExecutionQueue$ExecutionRunner.run(DefaultConditionalExecutionQueue.java:133)
	at java.base/java.util.concurrent.Executors$RunnableAdapter.call(Executors.java:539)
	at java.base/java.util.concurrent.FutureTask.run(FutureTask.java:264)
	... 5 more

==============================================================================

4: Task failed with an exception.
-----------
* What went wrong:
Execution failed for task ':HDFilmCehennemi:compileDebugKotlin'.
> A failure occurred while executing org.jetbrains.kotlin.compilerRunner.GradleCompilerRunnerWithWorkers$GradleKotlinCompilerWorkAction
   > Compilation error. See log for more details

* Try:
> Run with --info or --debug option to get more log output.
> Run with --scan to get full insights.
> Get more help at https://help.gradle.org.

* Exception is:
org.gradle.api.tasks.TaskExecutionException: Execution failed for task ':HDFilmCehennemi:compileDebugKotlin'.
	at org.gradle.api.internal.tasks.execution.ExecuteActionsTaskExecuter.lambda$executeIfValid$1(ExecuteActionsTaskExecuter.java:130)
	at org.gradle.internal.Try$Failure.ifSuccessfulOrElse(Try.java:293)
	at org.gradle.api.internal.tasks.execution.ExecuteActionsTaskExecuter.executeIfValid(ExecuteActionsTaskExecuter.java:128)
	at org.gradle.api.internal.tasks.execution.ExecuteActionsTaskExecuter.execute(ExecuteActionsTaskExecuter.java:116)
	at org.gradle.api.internal.tasks.execution.ProblemsTaskPathTrackingTaskExecuter.execute(ProblemsTaskPathTrackingTaskExecuter.java:40)
	at org.gradle.api.internal.tasks.execution.FinalizePropertiesTaskExecuter.execute(FinalizePropertiesTaskExecuter.java:46)
	at org.gradle.api.internal.tasks.execution.ResolveTaskExecutionModeExecuter.execute(ResolveTaskExecutionModeExecuter.java:51)
	at org.gradle.api.internal.tasks.execution.SkipTaskWithNoActionsExecuter.execute(SkipTaskWithNoActionsExecuter.java:57)
	at org.gradle.api.internal.tasks.execution.SkipOnlyIfTaskExecuter.execute(SkipOnlyIfTaskExecuter.java:74)
	at org.gradle.api.internal.tasks.execution.CatchExceptionTaskExecuter.execute(CatchExceptionTaskExecuter.java:36)
	at org.gradle.api.internal.tasks.execution.EventFiringTaskExecuter$1.executeTask(EventFiringTaskExecuter.java:77)
	at org.gradle.api.internal.tasks.execution.EventFiringTaskExecuter$1.call(EventFiringTaskExecuter.java:55)
	at org.gradle.api.internal.tasks.execution.EventFiringTaskExecuter$1.call(EventFiringTaskExecuter.java:52)
	at org.gradle.internal.operations.DefaultBuildOperationRunner$CallableBuildOperationWorker.execute(DefaultBuildOperationRunner.java:209)
	at org.gradle.internal.operations.DefaultBuildOperationRunner$CallableBuildOperationWorker.execute(DefaultBuildOperationRunner.java:204)
	at org.gradle.internal.operations.DefaultBuildOperationRunner$2.execute(DefaultBuildOperationRunner.java:66)
	at org.gradle.internal.operations.DefaultBuildOperationRunner$2.execute(DefaultBuildOperationRunner.java:59)
	at org.gradle.internal.operations.DefaultBuildOperationRunner.execute(DefaultBuildOperationRunner.java:166)
	at org.gradle.internal.operations.DefaultBuildOperationRunner.execute(DefaultBuildOperationRunner.java:59)
	at org.gradle.internal.operations.DefaultBuildOperationRunner.call(DefaultBuildOperationRunner.java:53)
	at org.gradle.api.internal.tasks.execution.EventFiringTaskExecuter.execute(EventFiringTaskExecuter.java:52)
	at org.gradle.execution.plan.LocalTaskNodeExecutor.execute(LocalTaskNodeExecutor.java:42)
	at org.gradle.execution.taskgraph.DefaultTaskExecutionGraph$InvokeNodeExecutorsAction.execute(DefaultTaskExecutionGraph.java:331)
	at org.gradle.execution.taskgraph.DefaultTaskExecutionGraph$InvokeNodeExecutorsAction.execute(DefaultTaskExecutionGraph.java:318)
	at org.gradle.execution.taskgraph.DefaultTaskExecutionGraph$BuildOperationAwareExecutionAction.lambda$execute$0(DefaultTaskExecutionGraph.java:314)
	at org.gradle.internal.operations.CurrentBuildOperationRef.with(CurrentBuildOperationRef.java:85)
	at org.gradle.execution.taskgraph.DefaultTaskExecutionGraph$BuildOperationAwareExecutionAction.execute(DefaultTaskExecutionGraph.java:314)
	at org.gradle.execution.taskgraph.DefaultTaskExecutionGraph$BuildOperationAwareExecutionAction.execute(DefaultTaskExecutionGraph.java:303)
	at org.gradle.execution.plan.DefaultPlanExecutor$ExecutorWorker.execute(DefaultPlanExecutor.java:459)
	at org.gradle.execution.plan.DefaultPlanExecutor$ExecutorWorker.run(DefaultPlanExecutor.java:376)
	at org.gradle.internal.concurrent.ExecutorPolicy$CatchAndRecordFailures.onExecute(ExecutorPolicy.java:64)
	at org.gradle.internal.concurrent.AbstractManagedExecutor$1.run(AbstractManagedExecutor.java:48)
	at java.base/java.util.concurrent.ThreadPoolExecutor.runWorker(ThreadPoolExecutor.java:1136)
	at java.base/java.util.concurrent.ThreadPoolExecutor$Worker.run(ThreadPoolExecutor.java:635)
	at java.base/java.lang.Thread.run(Thread.java:840)
Caused by: org.gradle.workers.internal.DefaultWorkerExecutor$WorkExecutionException: A failure occurred while executing org.jetbrains.kotlin.compilerRunner.GradleCompilerRunnerWithWorkers$GradleKotlinCompilerWorkAction
	at org.gradle.workers.internal.DefaultWorkerExecutor$WorkItemExecution.waitForCompletion(DefaultWorkerExecutor.java:287)
	at org.gradle.internal.work.DefaultAsyncWorkTracker.lambda$waitForItemsAndGatherFailures$2(DefaultAsyncWorkTracker.java:130)
	at org.gradle.internal.Factories$1.create(Factories.java:31)
	at org.gradle.internal.work.DefaultWorkerLeaseService.withoutLocks(DefaultWorkerLeaseService.java:335)
	at org.gradle.internal.work.DefaultWorkerLeaseService.withoutLocks(DefaultWorkerLeaseService.java:318)
	at org.gradle.internal.work.DefaultWorkerLeaseService.withoutLock(DefaultWorkerLeaseService.java:323)
	at org.gradle.internal.work.DefaultAsyncWorkTracker.waitForItemsAndGatherFailures(DefaultAsyncWorkTracker.java:126)
	at org.gradle.internal.work.DefaultAsyncWorkTracker.waitForItemsAndGatherFailures(DefaultAsyncWorkTracker.java:92)
	at org.gradle.internal.work.DefaultAsyncWorkTracker.waitForAll(DefaultAsyncWorkTracker.java:78)
	at org.gradle.internal.work.DefaultAsyncWorkTracker.waitForCompletion(DefaultAsyncWorkTracker.java:66)
	at org.gradle.api.internal.tasks.execution.TaskExecution$3.run(TaskExecution.java:252)
	at org.gradle.internal.operations.DefaultBuildOperationRunner$1.execute(DefaultBuildOperationRunner.java:29)
	at org.gradle.internal.operations.DefaultBuildOperationRunner$1.execute(DefaultBuildOperationRunner.java:26)
	at org.gradle.internal.operations.DefaultBuildOperationRunner$2.execute(DefaultBuildOperationRunner.java:66)
	at org.gradle.internal.operations.DefaultBuildOperationRunner$2.execute(DefaultBuildOperationRunner.java:59)
	at org.gradle.internal.operations.DefaultBuildOperationRunner.execute(DefaultBuildOperationRunner.java:166)
	at org.gradle.internal.operations.DefaultBuildOperationRunner.execute(DefaultBuildOperationRunner.java:59)
	at org.gradle.internal.operations.DefaultBuildOperationRunner.run(DefaultBuildOperationRunner.java:47)
	at org.gradle.api.internal.tasks.execution.TaskExecution.executeAction(TaskExecution.java:229)
	at org.gradle.api.internal.tasks.execution.TaskExecution.executeActions(TaskExecution.java:212)
	at org.gradle.api.internal.tasks.execution.TaskExecution.executeWithPreviousOutputFiles(TaskExecution.java:195)
	at org.gradle.api.internal.tasks.execution.TaskExecution.execute(TaskExecution.java:162)
	at org.gradle.internal.execution.steps.ExecuteStep.executeInternal(ExecuteStep.java:105)
	at org.gradle.internal.execution.steps.ExecuteStep.access$000(ExecuteStep.java:44)
	at org.gradle.internal.execution.steps.ExecuteStep$1.call(ExecuteStep.java:59)
	at org.gradle.internal.execution.steps.ExecuteStep$1.call(ExecuteStep.java:56)
	at org.gradle.internal.operations.DefaultBuildOperationRunner$CallableBuildOperationWorker.execute(DefaultBuildOperationRunner.java:209)
	at org.gradle.internal.operations.DefaultBuildOperationRunner$CallableBuildOperationWorker.execute(DefaultBuildOperationRunner.java:204)
	at org.gradle.internal.operations.DefaultBuildOperationRunner$2.execute(DefaultBuildOperationRunner.java:66)
	at org.gradle.internal.operations.DefaultBuildOperationRunner$2.execute(DefaultBuildOperationRunner.java:59)
	at org.gradle.internal.operations.DefaultBuildOperationRunner.execute(DefaultBuildOperationRunner.java:166)
	at org.gradle.internal.operations.DefaultBuildOperationRunner.execute(DefaultBuildOperationRunner.java:59)
	at org.gradle.internal.operations.DefaultBuildOperationRunner.call(DefaultBuildOperationRunner.java:53)
	at org.gradle.internal.execution.steps.ExecuteStep.execute(ExecuteStep.java:56)
	at org.gradle.internal.execution.steps.ExecuteStep.execute(ExecuteStep.java:44)
	at org.gradle.internal.execution.steps.CancelExecutionStep.execute(CancelExecutionStep.java:42)
	at org.gradle.internal.execution.steps.TimeoutStep.executeWithoutTimeout(TimeoutStep.java:75)
	at org.gradle.internal.execution.steps.TimeoutStep.execute(TimeoutStep.java:55)
	at org.gradle.internal.execution.steps.PreCreateOutputParentsStep.execute(PreCreateOutputParentsStep.java:50)
	at org.gradle.internal.execution.steps.PreCreateOutputParentsStep.execute(PreCreateOutputParentsStep.java:28)
	at org.gradle.internal.execution.steps.RemovePreviousOutputsStep.execute(RemovePreviousOutputsStep.java:67)
	at org.gradle.internal.execution.steps.RemovePreviousOutputsStep.execute(RemovePreviousOutputsStep.java:37)
	at org.gradle.internal.execution.steps.BroadcastChangingOutputsStep.execute(BroadcastChangingOutputsStep.java:61)
	at org.gradle.internal.execution.steps.BroadcastChangingOutputsStep.execute(BroadcastChangingOutputsStep.java:26)
	at org.gradle.internal.execution.steps.CaptureOutputsAfterExecutionStep.execute(CaptureOutputsAfterExecutionStep.java:69)
	at org.gradle.internal.execution.steps.CaptureOutputsAfterExecutionStep.execute(CaptureOutputsAfterExecutionStep.java:46)
	at org.gradle.internal.execution.steps.ResolveInputChangesStep.execute(ResolveInputChangesStep.java:40)
	at org.gradle.internal.execution.steps.ResolveInputChangesStep.execute(ResolveInputChangesStep.java:29)
	at org.gradle.internal.execution.steps.BuildCacheStep.executeWithoutCache(BuildCacheStep.java:189)
	at org.gradle.internal.execution.steps.BuildCacheStep.lambda$execute$1(BuildCacheStep.java:75)
	at org.gradle.internal.Either$Right.fold(Either.java:175)
	at org.gradle.internal.execution.caching.CachingState.fold(CachingState.java:62)
	at org.gradle.internal.execution.steps.BuildCacheStep.execute(BuildCacheStep.java:73)
	at org.gradle.internal.execution.steps.BuildCacheStep.execute(BuildCacheStep.java:48)
	at org.gradle.internal.execution.steps.StoreExecutionStateStep.execute(StoreExecutionStateStep.java:46)
	at org.gradle.internal.execution.steps.StoreExecutionStateStep.execute(StoreExecutionStateStep.java:35)
	at org.gradle.internal.execution.steps.SkipUpToDateStep.executeBecause(SkipUpToDateStep.java:75)
	at org.gradle.internal.execution.steps.SkipUpToDateStep.lambda$execute$2(SkipUpToDateStep.java:53)
	at java.base/java.util.Optional.orElseGet(Optional.java:364)
	at org.gradle.internal.execution.steps.SkipUpToDateStep.execute(SkipUpToDateStep.java:53)
	at org.gradle.internal.execution.steps.SkipUpToDateStep.execute(SkipUpToDateStep.java:35)
	at org.gradle.internal.execution.steps.legacy.MarkSnapshottingInputsFinishedStep.execute(MarkSnapshottingInputsFinishedStep.java:37)
	at org.gradle.internal.execution.steps.legacy.MarkSnapshottingInputsFinishedStep.execute(MarkSnapshottingInputsFinishedStep.java:27)
	at org.gradle.internal.execution.steps.ResolveIncrementalCachingStateStep.executeDelegate(ResolveIncrementalCachingStateStep.java:49)
	at org.gradle.internal.execution.steps.ResolveIncrementalCachingStateStep.executeDelegate(ResolveIncrementalCachingStateStep.java:27)
	at org.gradle.internal.execution.steps.AbstractResolveCachingStateStep.execute(AbstractResolveCachingStateStep.java:71)
	at org.gradle.internal.execution.steps.AbstractResolveCachingStateStep.execute(AbstractResolveCachingStateStep.java:39)
	at org.gradle.internal.execution.steps.ResolveChangesStep.execute(ResolveChangesStep.java:65)
	at org.gradle.internal.execution.steps.ResolveChangesStep.execute(ResolveChangesStep.java:36)
	at org.gradle.internal.execution.steps.ValidateStep.execute(ValidateStep.java:107)
	at org.gradle.internal.execution.steps.ValidateStep.execute(ValidateStep.java:56)
	at org.gradle.internal.execution.steps.AbstractCaptureStateBeforeExecutionStep.execute(AbstractCaptureStateBeforeExecutionStep.java:64)
	at org.gradle.internal.execution.steps.AbstractCaptureStateBeforeExecutionStep.execute(AbstractCaptureStateBeforeExecutionStep.java:43)
	at org.gradle.internal.execution.steps.AbstractSkipEmptyWorkStep.executeWithNonEmptySources(AbstractSkipEmptyWorkStep.java:125)
	at org.gradle.internal.execution.steps.AbstractSkipEmptyWorkStep.execute(AbstractSkipEmptyWorkStep.java:61)
	at org.gradle.internal.execution.steps.AbstractSkipEmptyWorkStep.execute(AbstractSkipEmptyWorkStep.java:36)
	at org.gradle.internal.execution.steps.legacy.MarkSnapshottingInputsStartedStep.execute(MarkSnapshottingInputsStartedStep.java:38)
	at org.gradle.internal.execution.steps.LoadPreviousExecutionStateStep.execute(LoadPreviousExecutionStateStep.java:36)
	at org.gradle.internal.execution.steps.LoadPreviousExecutionStateStep.execute(LoadPreviousExecutionStateStep.java:23)
	at org.gradle.internal.execution.steps.HandleStaleOutputsStep.execute(HandleStaleOutputsStep.java:75)
	at org.gradle.internal.execution.steps.HandleStaleOutputsStep.execute(HandleStaleOutputsStep.java:41)
	at org.gradle.internal.execution.steps.AssignMutableWorkspaceStep.lambda$execute$0(AssignMutableWorkspaceStep.java:35)
	at org.gradle.api.internal.tasks.execution.TaskExecution$4.withWorkspace(TaskExecution.java:289)
	at org.gradle.internal.execution.steps.AssignMutableWorkspaceStep.execute(AssignMutableWorkspaceStep.java:31)
	at org.gradle.internal.execution.steps.AssignMutableWorkspaceStep.execute(AssignMutableWorkspaceStep.java:22)
	at org.gradle.internal.execution.steps.ChoosePipelineStep.execute(ChoosePipelineStep.java:40)
	at org.gradle.internal.execution.steps.ChoosePipelineStep.execute(ChoosePipelineStep.java:23)
	at org.gradle.internal.execution.steps.ExecuteWorkBuildOperationFiringStep.lambda$execute$2(ExecuteWorkBuildOperationFiringStep.java:67)
	at java.base/java.util.Optional.orElseGet(Optional.java:364)
	at org.gradle.internal.execution.steps.ExecuteWorkBuildOperationFiringStep.execute(ExecuteWorkBuildOperationFiringStep.java:67)
	at org.gradle.internal.execution.steps.ExecuteWorkBuildOperationFiringStep.execute(ExecuteWorkBuildOperationFiringStep.java:39)
	at org.gradle.internal.execution.steps.IdentityCacheStep.execute(IdentityCacheStep.java:46)
	at org.gradle.internal.execution.steps.IdentityCacheStep.execute(IdentityCacheStep.java:34)
	at org.gradle.internal.execution.steps.IdentifyStep.execute(IdentifyStep.java:48)
	at org.gradle.internal.execution.steps.IdentifyStep.execute(IdentifyStep.java:35)
	at org.gradle.internal.execution.impl.DefaultExecutionEngine$1.execute(DefaultExecutionEngine.java:61)
	at org.gradle.api.internal.tasks.execution.ExecuteActionsTaskExecuter.executeIfValid(ExecuteActionsTaskExecuter.java:127)
	at org.gradle.api.internal.tasks.execution.ExecuteActionsTaskExecuter.execute(ExecuteActionsTaskExecuter.java:116)
	at org.gradle.api.internal.tasks.execution.ProblemsTaskPathTrackingTaskExecuter.execute(ProblemsTaskPathTrackingTaskExecuter.java:40)
	at org.gradle.api.internal.tasks.execution.FinalizePropertiesTaskExecuter.execute(FinalizePropertiesTaskExecuter.java:46)
	at org.gradle.api.internal.tasks.execution.ResolveTaskExecutionModeExecuter.execute(ResolveTaskExecutionModeExecuter.java:51)
	at org.gradle.api.internal.tasks.execution.SkipTaskWithNoActionsExecuter.execute(SkipTaskWithNoActionsExecuter.java:57)
	at org.gradle.api.internal.tasks.execution.SkipOnlyIfTaskExecuter.execute(SkipOnlyIfTaskExecuter.java:74)
	at org.gradle.api.internal.tasks.execution.CatchExceptionTaskExecuter.execute(CatchExceptionTaskExecuter.java:36)
	at org.gradle.api.internal.tasks.execution.EventFiringTaskExecuter$1.executeTask(EventFiringTaskExecuter.java:77)
	at org.gradle.api.internal.tasks.execution.EventFiringTaskExecuter$1.call(EventFiringTaskExecuter.java:55)
	at org.gradle.api.internal.tasks.execution.EventFiringTaskExecuter$1.call(EventFiringTaskExecuter.java:52)
	at org.gradle.internal.operations.DefaultBuildOperationRunner$CallableBuildOperationWorker.execute(DefaultBuildOperationRunner.java:209)
	at org.gradle.internal.operations.DefaultBuildOperationRunner$CallableBuildOperationWorker.execute(DefaultBuildOperationRunner.java:204)
	at org.gradle.internal.operations.DefaultBuildOperationRunner$2.execute(DefaultBuildOperationRunner.java:66)
	at org.gradle.internal.operations.DefaultBuildOperationRunner$2.execute(DefaultBuildOperationRunner.java:59)
	at org.gradle.internal.operations.DefaultBuildOperationRunner.execute(DefaultBuildOperationRunner.java:166)
	at org.gradle.internal.operations.DefaultBuildOperationRunner.execute(DefaultBuildOperationRunner.java:59)
	at org.gradle.internal.operations.DefaultBuildOperationRunner.call(DefaultBuildOperationRunner.java:53)
	at org.gradle.api.internal.tasks.execution.EventFiringTaskExecuter.execute(EventFiringTaskExecuter.java:52)
	at org.gradle.execution.plan.LocalTaskNodeExecutor.execute(LocalTaskNodeExecutor.java:42)
	at org.gradle.execution.taskgraph.DefaultTaskExecutionGraph$InvokeNodeExecutorsAction.execute(DefaultTaskExecutionGraph.java:331)
	at org.gradle.execution.taskgraph.DefaultTaskExecutionGraph$InvokeNodeExecutorsAction.execute(DefaultTaskExecutionGraph.java:318)
	at org.gradle.execution.taskgraph.DefaultTaskExecutionGraph$BuildOperationAwareExecutionAction.lambda$execute$0(DefaultTaskExecutionGraph.java:314)
	at org.gradle.internal.operations.CurrentBuildOperationRef.with(CurrentBuildOperationRef.java:85)
	at org.gradle.execution.taskgraph.DefaultTaskExecutionGraph$BuildOperationAwareExecutionAction.execute(DefaultTaskExecutionGraph.java:314)
	at org.gradle.execution.taskgraph.DefaultTaskExecutionGraph$BuildOperationAwareExecutionAction.execute(DefaultTaskExecutionGraph.java:303)
	at org.gradle.execution.plan.DefaultPlanExecutor$ExecutorWorker.execute(DefaultPlanExecutor.java:459)
	at org.gradle.execution.plan.DefaultPlanExecutor$ExecutorWorker.run(DefaultPlanExecutor.java:376)
	at org.gradle.internal.concurrent.ExecutorPolicy$CatchAndRecordFailures.onExecute(ExecutorPolicy.java:64)
	at org.gradle.internal.concurrent.AbstractManagedExecutor$1.run(AbstractManagedExecutor.java:48)
	at java.base/java.util.concurrent.ThreadPoolExecutor.runWorker(ThreadPoolExecutor.java:1136)
	at java.base/java.util.concurrent.ThreadPoolExecutor$Worker.run(ThreadPoolExecutor.java:635)
	at java.base/java.lang.Thread.run(Thread.java:840)
Caused by: org.jetbrains.kotlin.gradle.tasks.CompilationErrorException: Compilation error. See log for more details
	at org.jetbrains.kotlin.gradle.tasks.TasksUtilsKt.throwExceptionIfCompilationFailed(tasksUtils.kt:21)
	at org.jetbrains.kotlin.compilerRunner.GradleKotlinCompilerWork.run(GradleKotlinCompilerWork.kt:119)
	at org.jetbrains.kotlin.compilerRunner.GradleCompilerRunnerWithWorkers$GradleKotlinCompilerWorkAction.execute(GradleCompilerRunnerWithWorkers.kt:76)
	at org.gradle.workers.internal.DefaultWorkerServer.execute(DefaultWorkerServer.java:63)
	at org.gradle.workers.internal.NoIsolationWorkerFactory$1$1.create(NoIsolationWorkerFactory.java:66)
	at org.gradle.workers.internal.NoIsolationWorkerFactory$1$1.create(NoIsolationWorkerFactory.java:62)
	at org.gradle.internal.classloader.ClassLoaderUtils.executeInClassloader(ClassLoaderUtils.java:100)
	at org.gradle.workers.internal.NoIsolationWorkerFactory$1.lambda$execute$0(NoIsolationWorkerFactory.java:62)
	at org.gradle.workers.internal.AbstractWorker$1.call(AbstractWorker.java:44)
	at org.gradle.workers.internal.AbstractWorker$1.call(AbstractWorker.java:41)
	at org.gradle.internal.operations.DefaultBuildOperationRunner$CallableBuildOperationWorker.execute(DefaultBuildOperationRunner.java:209)
	at org.gradle.internal.operations.DefaultBuildOperationRunner$CallableBuildOperationWorker.execute(DefaultBuildOperationRunner.java:204)
	at org.gradle.internal.operations.DefaultBuildOperationRunner$2.execute(DefaultBuildOperationRunner.java:66)
	at org.gradle.internal.operations.DefaultBuildOperationRunner$2.execute(DefaultBuildOperationRunner.java:59)
	at org.gradle.internal.operations.DefaultBuildOperationRunner.execute(DefaultBuildOperationRunner.java:166)
	at org.gradle.internal.operations.DefaultBuildOperationRunner.execute(DefaultBuildOperationRunner.java:59)
	at org.gradle.internal.operations.DefaultBuildOperationRunner.call(DefaultBuildOperationRunner.java:53)
	at org.gradle.workers.internal.AbstractWorker.executeWrappedInBuildOperation(AbstractWorker.java:41)
	at org.gradle.workers.internal.NoIsolationWorkerFactory$1.execute(NoIsolationWorkerFactory.java:59)
	at org.gradle.workers.internal.DefaultWorkerExecutor.lambda$submitWork$0(DefaultWorkerExecutor.java:174)
	at java.base/java.util.concurrent.FutureTask.run(FutureTask.java:264)
	at org.gradle.internal.work.DefaultConditionalExecutionQueue$ExecutionRunner.runExecution(DefaultConditionalExecutionQueue.java:194)
	at org.gradle.internal.work.DefaultConditionalExecutionQueue$ExecutionRunner.access$700(DefaultConditionalExecutionQueue.java:127)
	at org.gradle.internal.work.DefaultConditionalExecutionQueue$ExecutionRunner$1.run(DefaultConditionalExecutionQueue.java:169)
	at org.gradle.internal.Factories$1.create(Factories.java:31)
	at org.gradle.internal.work.DefaultWorkerLeaseService.withLocks(DefaultWorkerLeaseService.java:263)
	at org.gradle.internal.work.DefaultWorkerLeaseService.runAsWorkerThread(DefaultWorkerLeaseService.java:127)
	at org.gradle.internal.work.DefaultWorkerLeaseService.runAsWorkerThread(DefaultWorkerLeaseService.java:132)
	at org.gradle.internal.work.DefaultConditionalExecutionQueue$ExecutionRunner.runBatch(DefaultConditionalExecutionQueue.java:164)
	at org.gradle.internal.work.DefaultConditionalExecutionQueue$ExecutionRunner.run(DefaultConditionalExecutionQueue.java:133)
	at java.base/java.util.concurrent.Executors$RunnableAdapter.call(Executors.java:539)
	at java.base/java.util.concurrent.FutureTask.run(FutureTask.java:264)
	... 5 more

==============================================================================

BUILD FAILED in 1m 1s
24 actionable tasks: 24 executed
